-- MySQL dump 10.13  Distrib 8.0.42, for Win64 (x86_64)
--
-- Host: localhost    Database: master_db
-- ------------------------------------------------------
-- Server version	8.0.42

/*!40101 SET @OLD_CHARACTER_SET_CLIENT=@@CHARACTER_SET_CLIENT */;
/*!40101 SET @OLD_CHARACTER_SET_RESULTS=@@CHARACTER_SET_RESULTS */;
/*!40101 SET @OLD_COLLATION_CONNECTION=@@COLLATION_CONNECTION */;
/*!50503 SET NAMES utf8 */;
/*!40103 SET @OLD_TIME_ZONE=@@TIME_ZONE */;
/*!40103 SET TIME_ZONE='+00:00' */;
/*!40014 SET @OLD_UNIQUE_CHECKS=@@UNIQUE_CHECKS, UNIQUE_CHECKS=0 */;
/*!40014 SET @OLD_FOREIGN_KEY_CHECKS=@@FOREIGN_KEY_CHECKS, FOREIGN_KEY_CHECKS=0 */;
/*!40101 SET @OLD_SQL_MODE=@@SQL_MODE, SQL_MODE='NO_AUTO_VALUE_ON_ZERO' */;
/*!40111 SET @OLD_SQL_NOTES=@@SQL_NOTES, SQL_NOTES=0 */;

--
-- Table structure for table `academic_mentor`
--

DROP TABLE IF EXISTS `academic_mentor`;
/*!40101 SET @saved_cs_client     = @@character_set_client */;
/*!50503 SET character_set_client = utf8mb4 */;
CREATE TABLE `academic_mentor` (
  `academic_mentor_id` varchar(50) NOT NULL,
  `name` text,
  `email` varchar(50) DEFAULT NULL,
  `university` text,
  PRIMARY KEY (`academic_mentor_id`)
) ENGINE=InnoDB DEFAULT CHARSET=utf8mb4 COLLATE=utf8mb4_0900_ai_ci;
/*!40101 SET character_set_client = @saved_cs_client */;

--
-- Dumping data for table `academic_mentor`
--

LOCK TABLES `academic_mentor` WRITE;
/*!40000 ALTER TABLE `academic_mentor` DISABLE KEYS */;
INSERT INTO `academic_mentor` VALUES ('AM001','James Walters','james.walters@glasgow.ac.uk','University of Glasgow'),('AM002','Meghan Robles','meghan.robles@glasgow.ac.uk','University of Glasgow'),('AM003','Laura Hubbard','laura.hubbard@glasgow.ac.uk','University of Glasgow'),('AM004','Billy Owen','billy.owen@dundee.ac.uk','University of Dundee'),('AM005','Ernest Sanders','ernest.sanders@edinburgh.ac.uk','University of Edinburgh'),('AM006','Robert Meza','robert.meza@dundee.ac.uk','University of Dundee'),('AM007','Brian May','brian.may@edinburgh.ac.uk','University of Edinburgh'),('AM008','Meghan Gaines','meghan.gaines@glasgow.ac.uk','University of Glasgow'),('AM009','Ruth Pennington','ruth.pennington@dundee.ac.uk','University of Dundee'),('AM010','William Lee','william.lee@glasgow.ac.uk','University of Glasgow'),('AM011','Robert Wilson','robert.wilson@edinburgh.ac.uk','University of Edinburgh'),('AM012','Jacob Smith','jacob.smith@edinburgh.ac.uk','University of Edinburgh'),('AM013','Kristy Clayton','kristy.clayton@glasgow.ac.uk','University of Glasgow'),('AM014','Gary Daugherty','gary.daugherty@edinburgh.ac.uk','University of Edinburgh'),('AM015','Jennifer Mcgee','jennifer.mcgee@glasgow.ac.uk','University of Glasgow'),('AM016','Patricia Bolton','patricia.bolton@edinburgh.ac.uk','University of Edinburgh'),('AM017','Joseph Lewis','joseph.lewis@edinburgh.ac.uk','University of Edinburgh'),('AM018','Calvin Butler','calvin.butler@glasgow.ac.uk','University of Glasgow'),('AM019','Stephen Bryan','stephen.bryan@glasgow.ac.uk','University of Glasgow'),('AM020','Raymond Mckee','raymond.mckee@glasgow.ac.uk','University of Glasgow');
/*!40000 ALTER TABLE `academic_mentor` ENABLE KEYS */;
UNLOCK TABLES;

--
-- Table structure for table `academic_progress`
--

DROP TABLE IF EXISTS `academic_progress`;
/*!40101 SET @saved_cs_client     = @@character_set_client */;
/*!50503 SET character_set_client = utf8mb4 */;
CREATE TABLE `academic_progress` (
  `academic_progress_id` varchar(50) NOT NULL,
  `student_id` varchar(50) DEFAULT NULL,
  `number_of_courses` int DEFAULT NULL,
  `academic_percentage` int DEFAULT NULL,
  `assignment_grade` varchar(50) DEFAULT NULL,
  `total_required_attendance` int DEFAULT NULL,
  `classes_attended` int DEFAULT NULL,
  `last_update` date DEFAULT NULL,
  PRIMARY KEY (`academic_progress_id`),
  KEY `fk_academic_student_id_idx` (`student_id`),
  CONSTRAINT `fk_academic_student_id` FOREIGN KEY (`student_id`) REFERENCES `students` (`student_id`)
) ENGINE=InnoDB DEFAULT CHARSET=utf8mb4 COLLATE=utf8mb4_0900_ai_ci;
/*!40101 SET character_set_client = @saved_cs_client */;

--
-- Dumping data for table `academic_progress`
--

LOCK TABLES `academic_progress` WRITE;
/*!40000 ALTER TABLE `academic_progress` DISABLE KEYS */;
INSERT INTO `academic_progress` VALUES ('AP001','S001',3,67,'B1',45,30,'2025-07-01'),('AP002','S002',2,50,'B1',24,12,'2025-04-18'),('AP003','S003',1,85,'B1',13,11,'2025-06-27'),('AP004','S004',3,64,'A2',39,25,'2025-05-06'),('AP005','S005',3,85,'B1',33,28,'2025-03-04'),('AP006','S006',1,82,'A2',11,9,'2025-01-27'),('AP007','S007',3,29,'C2',42,12,'2025-04-04'),('AP008','S008',1,91,'B1',11,10,'2025-01-01'),('AP009','S009',2,54,'B1',26,14,'2025-04-29'),('AP010','S010',2,60,'C2',20,12,'2025-05-19'),('AP011','S011',1,87,'B1',15,13,'2025-05-18'),('AP012','S012',1,89,'C1',9,8,'2025-07-10'),('AP013','S013',2,31,'Fail',26,8,'2025-06-24'),('AP014','S014',3,52,'B1',27,14,'2025-05-12'),('AP015','S015',3,100,'C2',39,39,'2025-03-18'),('AP016','S016',1,67,'C2',15,10,'2025-03-08'),('AP017','S017',1,63,'B1',8,5,'2025-04-22'),('AP018','S018',3,82,'C1',39,32,'2025-03-30'),('AP019','S019',1,83,'A1',12,10,'2025-03-20'),('AP020','S020',2,54,'B2',26,14,'2025-06-29'),('AP021','S021',1,73,'C2',11,8,'2025-01-12'),('AP022','S022',1,83,'Fail',12,10,'2025-07-31'),('AP023','S023',3,21,'B1',39,8,'2025-06-19'),('AP024','S024',1,75,'C1',12,9,'2025-01-29'),('AP025','S025',3,24,'C1',45,11,'2025-07-17'),('AP026','S026',2,59,'A1',22,13,'2025-06-06'),('AP027','S027',1,60,'B1',15,9,'2025-02-13'),('AP028','S028',3,79,'A1',39,31,'2025-06-20'),('AP029','S029',3,20,'A1',45,9,'2025-03-20'),('AP030','S030',3,100,'C2',24,24,'2025-07-05'),('AP031','S031',1,60,'C2',10,6,'2025-06-28'),('AP032','S032',1,79,'B2',14,11,'2025-06-15'),('AP033','S033',1,62,'B2',13,8,'2025-05-08'),('AP034','S034',2,75,'C1',16,12,'2025-02-05'),('AP035','S035',2,54,'Fail',24,13,'2025-04-18'),('AP036','S036',1,70,'Fail',10,7,'2025-05-27'),('AP037','S037',1,58,'C1',12,7,'2025-08-03'),('AP038','S038',2,39,'C1',28,11,'2025-02-11'),('AP039','S039',2,81,'Fail',26,21,'2025-05-30'),('AP040','S040',3,91,'Fail',33,30,'2025-04-02'),('AP041','S041',2,67,'A1',18,12,'2025-05-03'),('AP042','S042',2,28,'B1',18,5,'2025-04-26'),('AP043','S043',1,92,'B1',13,12,'2025-04-03'),('AP044','S044',2,75,'Fail',16,12,'2025-04-02'),('AP045','S045',3,97,'C1',33,32,'2025-03-27'),('AP046','S046',2,86,'C1',22,19,'2025-06-08'),('AP047','S047',3,100,'C1',39,39,'2025-01-25'),('AP048','S048',1,100,'Fail',13,13,'2025-04-05'),('AP049','S049',1,57,'C2',14,8,'2025-04-22'),('AP050','S050',2,68,'B1',22,15,'2025-01-28'),('AP051','S051',2,42,'A1',26,11,'2025-05-16'),('AP052','S052',1,71,'C2',14,10,'2025-07-04'),('AP053','S053',2,44,'C2',16,7,'2025-05-26'),('AP054','S054',2,77,'A1',30,23,'2025-02-06'),('AP055','S055',1,90,'A1',10,9,'2025-03-08'),('AP056','S056',3,70,'C2',27,19,'2025-03-22'),('AP057','S057',2,88,'A1',16,14,'2025-04-07'),('AP058','S058',3,22,'A1',27,6,'2025-05-04'),('AP059','S059',1,89,'C2',9,8,'2025-02-08'),('AP060','S060',2,77,'A2',22,17,'2025-02-24'),('AP061','S061',1,45,'B1',11,5,'2025-03-06'),('AP062','S062',1,75,'B2',8,6,'2025-07-09'),('AP063','S063',2,62,'C2',26,16,'2025-05-31'),('AP064','S064',2,58,'C1',26,15,'2025-05-01'),('AP065','S065',1,100,'C2',12,12,'2025-04-20'),('AP066','S066',3,27,'A1',30,8,'2025-02-21'),('AP067','S067',1,60,'A1',10,6,'2025-02-25'),('AP068','S068',3,31,'C1',36,11,'2025-03-09'),('AP069','S069',3,87,'C1',45,39,'2025-05-08'),('AP070','S070',3,90,'B1',39,35,'2025-04-30'),('AP071','S071',3,92,'C2',39,36,'2025-07-07'),('AP072','S072',2,21,'Fail',24,5,'2025-03-18'),('AP073','S073',1,100,'B1',15,15,'2025-07-27'),('AP074','S074',2,88,'A2',24,21,'2025-04-04'),('AP075','S075',2,88,'B2',16,14,'2025-05-01'),('AP076','S076',2,75,'B1',16,12,'2025-06-15'),('AP077','S077',3,67,'Fail',24,16,'2025-05-04'),('AP078','S078',1,42,'Fail',12,5,'2025-01-25'),('AP079','S079',3,60,'C2',30,18,'2025-05-24'),('AP080','S080',3,69,'B2',45,31,'2025-07-27'),('AP081','S081',1,100,'B2',14,14,'2025-01-08'),('AP082','S082',1,38,'C1',13,5,'2025-04-23'),('AP083','S083',2,67,'B1',30,20,'2025-06-05'),('AP084','S084',3,92,'A1',36,33,'2025-05-08'),('AP085','S085',2,23,'A1',30,7,'2025-02-19'),('AP086','S086',1,75,'C2',8,6,'2025-05-10'),('AP087','S087',3,56,'C1',27,15,'2025-07-21'),('AP088','S088',2,39,'B1',18,7,'2025-03-10'),('AP089','S089',2,93,'B1',28,26,'2025-01-03'),('AP090','S090',3,21,'A1',24,5,'2025-06-18'),('AP091','S091',1,69,'Fail',13,9,'2025-08-02'),('AP092','S092',2,44,'C2',18,8,'2025-05-26'),('AP093','S093',1,71,'C1',14,10,'2025-03-16'),('AP094','S094',1,64,'A2',11,7,'2025-04-05'),('AP095','S095',2,94,'C1',16,15,'2025-03-29'),('AP096','S096',1,46,'B1',13,6,'2025-02-14'),('AP097','S097',3,25,'B1',36,9,'2025-06-18'),('AP098','S098',2,50,'C2',16,8,'2025-01-25'),('AP099','S099',1,85,'A1',13,11,'2025-06-03'),('AP100','S100',2,30,'C1',20,6,'2025-04-02');
/*!40000 ALTER TABLE `academic_progress` ENABLE KEYS */;
UNLOCK TABLES;

--
-- Table structure for table `assignment`
--

DROP TABLE IF EXISTS `assignment`;
/*!40101 SET @saved_cs_client     = @@character_set_client */;
/*!50503 SET character_set_client = utf8mb4 */;
CREATE TABLE `assignment` (
  `assignment_id` varchar(50) NOT NULL,
  `student_id` varchar(50) DEFAULT NULL,
  `submission_date` date DEFAULT NULL,
  `submission_delays` int DEFAULT NULL,
  `assignment_grades` varchar(50) DEFAULT NULL,
  PRIMARY KEY (`assignment_id`),
  KEY `fk_student_id_idx` (`student_id`),
  KEY `fk_assignment_student_id_idx` (`student_id`),
  CONSTRAINT `fk_assignment_student_id` FOREIGN KEY (`student_id`) REFERENCES `students` (`student_id`)
) ENGINE=InnoDB DEFAULT CHARSET=utf8mb4 COLLATE=utf8mb4_0900_ai_ci;
/*!40101 SET character_set_client = @saved_cs_client */;

--
-- Dumping data for table `assignment`
--

LOCK TABLES `assignment` WRITE;
/*!40000 ALTER TABLE `assignment` DISABLE KEYS */;
INSERT INTO `assignment` VALUES ('AS001','S001','2025-08-03',2,'B1'),('AS002','S002','2025-08-02',2,'B1'),('AS003','S003','2025-08-05',2,'B1'),('AS004','S004','2025-08-01',1,'A2'),('AS005','S005','2025-08-04',2,'B1'),('AS006','S006','2025-08-01',1,'A2'),('AS007','S007','2025-08-03',5,'C2'),('AS008','S008','2025-08-03',2,'B1'),('AS009','S009','2025-08-05',2,'B1'),('AS010','S010','2025-08-05',5,'C2'),('AS011','S011','2025-08-04',2,'B1'),('AS012','S012','2025-08-02',4,'C1'),('AS013','S013','2025-08-01',6,'Fail'),('AS014','S014','2025-08-04',2,'B1'),('AS015','S015','2025-08-02',5,'C2'),('AS016','S016','2025-08-03',5,'C2'),('AS017','S017','2025-08-01',2,'B1'),('AS018','S018','2025-08-02',4,'C1'),('AS019','S019','2025-08-03',0,'A1'),('AS020','S020','2025-08-04',3,'B2'),('AS021','S021','2025-08-02',5,'C2'),('AS022','S022','2025-08-01',6,'Fail'),('AS023','S023','2025-08-03',2,'B1'),('AS024','S024','2025-08-05',4,'C1'),('AS025','S025','2025-08-05',4,'C1'),('AS026','S026','2025-08-01',0,'A1'),('AS027','S027','2025-08-02',2,'B1'),('AS028','S028','2025-08-03',0,'A1'),('AS029','S029','2025-08-05',0,'A1'),('AS030','S030','2025-08-05',5,'C2'),('AS031','S031','2025-08-05',5,'C2'),('AS032','S032','2025-08-03',3,'B2'),('AS033','S033','2025-08-05',3,'B2'),('AS034','S034','2025-08-02',4,'C1'),('AS035','S035','2025-08-03',6,'Fail'),('AS036','S036','2025-08-05',6,'Fail'),('AS037','S037','2025-08-03',4,'C1'),('AS038','S038','2025-08-05',4,'C1'),('AS039','S039','2025-08-04',6,'Fail'),('AS040','S040','2025-08-05',6,'Fail'),('AS041','S041','2025-08-05',0,'A1'),('AS042','S042','2025-08-05',2,'B1'),('AS043','S043','2025-08-03',2,'B1'),('AS044','S044','2025-08-01',6,'Fail'),('AS045','S045','2025-08-02',4,'C1'),('AS046','S046','2025-08-01',4,'C1'),('AS047','S047','2025-08-05',4,'C1'),('AS048','S048','2025-08-01',6,'Fail'),('AS049','S049','2025-08-05',5,'C2'),('AS050','S050','2025-08-02',2,'B1'),('AS051','S051','2025-08-01',0,'A1'),('AS052','S052','2025-08-02',5,'C2'),('AS053','S053','2025-08-03',5,'C2'),('AS054','S054','2025-08-01',0,'A1'),('AS055','S055','2025-08-01',0,'A1'),('AS056','S056','2025-08-04',5,'C2'),('AS057','S057','2025-08-03',0,'A1'),('AS058','S058','2025-08-03',0,'A1'),('AS059','S059','2025-08-02',5,'C2'),('AS060','S060','2025-08-02',1,'A2'),('AS061','S061','2025-08-01',2,'B1'),('AS062','S062','2025-08-05',3,'B2'),('AS063','S063','2025-08-04',5,'C2'),('AS064','S064','2025-08-01',4,'C1'),('AS065','S065','2025-08-03',5,'C2'),('AS066','S066','2025-08-02',0,'A1'),('AS067','S067','2025-08-03',0,'A1'),('AS068','S068','2025-08-03',4,'C1'),('AS069','S069','2025-08-01',4,'C1'),('AS070','S070','2025-08-02',2,'B1'),('AS071','S071','2025-08-05',5,'C2'),('AS072','S072','2025-08-01',6,'Fail'),('AS073','S073','2025-08-01',2,'B1'),('AS074','S074','2025-08-04',1,'A2'),('AS075','S075','2025-08-02',3,'B2'),('AS076','S076','2025-08-02',2,'B1'),('AS077','S077','2025-08-02',6,'Fail'),('AS078','S078','2025-08-03',6,'Fail'),('AS079','S079','2025-08-04',5,'C2'),('AS080','S080','2025-08-03',3,'B2'),('AS081','S081','2025-08-05',3,'B2'),('AS082','S082','2025-08-02',4,'C1'),('AS083','S083','2025-08-05',2,'B1'),('AS084','S084','2025-08-01',0,'A1'),('AS085','S085','2025-08-04',0,'A1'),('AS086','S086','2025-08-05',5,'C2'),('AS087','S087','2025-08-01',4,'C1'),('AS088','S088','2025-08-01',2,'B1'),('AS089','S089','2025-08-05',2,'B1'),('AS090','S090','2025-08-04',0,'A1'),('AS091','S091','2025-08-05',6,'Fail'),('AS092','S092','2025-08-04',5,'C2'),('AS093','S093','2025-08-03',4,'C1'),('AS094','S094','2025-08-02',1,'A2'),('AS095','S095','2025-08-02',4,'C1'),('AS096','S096','2025-08-02',2,'B1'),('AS097','S097','2025-08-02',2,'B1'),('AS098','S098','2025-08-04',5,'C2'),('AS099','S099','2025-08-05',0,'A1'),('AS100','S100','2025-08-04',4,'C1');
/*!40000 ALTER TABLE `assignment` ENABLE KEYS */;
UNLOCK TABLES;

--
-- Table structure for table `industry_mentor`
--

DROP TABLE IF EXISTS `industry_mentor`;
/*!40101 SET @saved_cs_client     = @@character_set_client */;
/*!50503 SET character_set_client = utf8mb4 */;
CREATE TABLE `industry_mentor` (
  `industry_mentor_id` varchar(50) NOT NULL,
  `name` text,
  `email` varchar(50) DEFAULT NULL,
  `employer` text,
  PRIMARY KEY (`industry_mentor_id`)
) ENGINE=InnoDB DEFAULT CHARSET=utf8mb4 COLLATE=utf8mb4_0900_ai_ci;
/*!40101 SET character_set_client = @saved_cs_client */;

--
-- Dumping data for table `industry_mentor`
--

LOCK TABLES `industry_mentor` WRITE;
/*!40000 ALTER TABLE `industry_mentor` DISABLE KEYS */;
INSERT INTO `industry_mentor` VALUES ('IM001','Justin Kelly','abarrett@young.com','Morgan Stanley'),('IM002','Michael Wood','mark43@campbell-hancock.com','Deloitte UK'),('IM003','Holly Hunt','kathryn59@smith.info','Barclays Technology Centre'),('IM004','Peter Barnett','bgomez@johnson.com','Morgan Stanley'),('IM005','Aaron Fuller','gainesjacqueline@harrison.com','JP Morgan Chase & Co.'),('IM006','Dustin Alvarez','ngregory@tyler.com','JP Morgan Chase & Co.'),('IM007','Amy Lopez','perrymichael@webb-wall.com','Barclays Technology Centre'),('IM008','Daniel Lee','rhondaburton@long.com','Morgan Stanley'),('IM009','Sara Navarro','fcastro@reid.biz','Deloitte UK'),('IM010','Brooke Perry','aaronedwards@hall.biz','Barclays Technology Centre'),('IM011','Natalie Walker','sheltondanielle@bennett-jenkins.com','Skyscanner'),('IM012','Christopher Bennett','vmurphy@ford.info','Accenture Scotland'),('IM013','Daniel Jones','ldorsey@bailey.com','Barclays Technology Centre'),('IM014','Xavier Oconnor','samuelrice@jones.com','Deloitte UK'),('IM015','Jesse Miller','alicia38@price-russell.org','Amazon Development Centre Scotland'),('IM016','Arthur Brown','rbutler@gilbert.com','Tata Consultancy Services'),('IM017','Whitney Williams','reynoldssandra@molina.com','Barclays Technology Centre'),('IM018','Jamie Gordon','dean97@coleman-nelson.net','IBM UK Ltd.'),('IM019','Ryan Perkins','uchandler@baker.com','BAE Systems Applied Intelligence'),('IM020','Cynthia Marquez','maycasey@nunez-williams.biz','Skyscanner');
/*!40000 ALTER TABLE `industry_mentor` ENABLE KEYS */;
UNLOCK TABLES;

--
-- Table structure for table `industry_progress`
--

DROP TABLE IF EXISTS `industry_progress`;
/*!40101 SET @saved_cs_client     = @@character_set_client */;
/*!50503 SET character_set_client = utf8mb4 */;
CREATE TABLE `industry_progress` (
  `industry_id` varchar(50) NOT NULL,
  `student_id` varchar(50) DEFAULT NULL,
  `hours_per_week` int DEFAULT NULL,
  `no_of_tasks` int DEFAULT NULL,
  PRIMARY KEY (`industry_id`),
  KEY `fk_student_id_idx` (`student_id`),
  CONSTRAINT `fk_student_id` FOREIGN KEY (`student_id`) REFERENCES `students` (`student_id`)
) ENGINE=InnoDB DEFAULT CHARSET=utf8mb4 COLLATE=utf8mb4_0900_ai_ci;
/*!40101 SET character_set_client = @saved_cs_client */;

--
-- Dumping data for table `industry_progress`
--

LOCK TABLES `industry_progress` WRITE;
/*!40000 ALTER TABLE `industry_progress` DISABLE KEYS */;
INSERT INTO `industry_progress` VALUES ('IL001','S001',63,13),('IL002','S002',127,9),('IL003','S003',144,12),('IL004','S004',121,11),('IL005','S005',71,6),('IL006','S006',75,10),('IL007','S007',129,17),('IL008','S008',98,7),('IL009','S009',79,14),('IL010','S010',103,20),('IL011','S011',124,19),('IL012','S012',99,5),('IL013','S013',71,15),('IL014','S014',123,6),('IL015','S015',92,11),('IL016','S016',106,18),('IL017','S017',119,14),('IL018','S018',137,9),('IL019','S019',67,14),('IL020','S020',83,19),('IL021','S021',136,17),('IL022','S022',74,9),('IL023','S023',107,8),('IL024','S024',127,17),('IL025','S025',101,8),('IL026','S026',89,13),('IL027','S027',72,15),('IL028','S028',121,9),('IL029','S029',125,11),('IL030','S030',143,12),('IL031','S031',65,13),('IL032','S032',95,16),('IL033','S033',109,16),('IL034','S034',112,17),('IL035','S035',74,7),('IL036','S036',83,5),('IL037','S037',112,12),('IL038','S038',73,18),('IL039','S039',74,12),('IL040','S040',147,5),('IL041','S041',134,16),('IL042','S042',76,17),('IL043','S043',98,13),('IL044','S044',70,5),('IL045','S045',83,17),('IL046','S046',102,5),('IL047','S047',93,12),('IL048','S048',95,10),('IL049','S049',90,13),('IL050','S050',139,18),('IL051','S051',129,6),('IL052','S052',111,20),('IL053','S053',107,11),('IL054','S054',73,8),('IL055','S055',145,10),('IL056','S056',94,15),('IL057','S057',90,12),('IL058','S058',142,20),('IL059','S059',71,9),('IL060','S060',147,18),('IL061','S061',78,9),('IL062','S062',127,16),('IL063','S063',139,18),('IL064','S064',108,7),('IL065','S065',64,19),('IL066','S066',76,5),('IL067','S067',77,18),('IL068','S068',138,19),('IL069','S069',70,15),('IL070','S070',129,16),('IL071','S071',95,14),('IL072','S072',61,19),('IL073','S073',147,19),('IL074','S074',68,10),('IL075','S075',142,5),('IL076','S076',90,7),('IL077','S077',134,11),('IL078','S078',70,12),('IL079','S079',122,8),('IL080','S080',93,17),('IL081','S081',74,20),('IL082','S082',119,16),('IL083','S083',67,5),('IL084','S084',76,7),('IL085','S085',65,19),('IL086','S086',82,11),('IL087','S087',76,5),('IL088','S088',104,20),('IL089','S089',123,8),('IL090','S090',134,9),('IL091','S091',116,17),('IL092','S092',64,5),('IL093','S093',131,19),('IL094','S094',62,10),('IL095','S095',84,6),('IL096','S096',124,10),('IL097','S097',118,19),('IL098','S098',88,20),('IL099','S099',104,7),('IL100','S100',140,6);
/*!40000 ALTER TABLE `industry_progress` ENABLE KEYS */;
UNLOCK TABLES;

--
-- Table structure for table `master_mmms`
--

DROP TABLE IF EXISTS `master_mmms`;
/*!40101 SET @saved_cs_client     = @@character_set_client */;
/*!50503 SET character_set_client = utf8mb4 */;
CREATE TABLE `master_mmms` (
  `master_id` varchar(45) NOT NULL,
  `student_id` varchar(50) DEFAULT NULL,
  `name` text,
  `email` varchar(50) DEFAULT NULL,
  `course` text,
  `current_year` int DEFAULT NULL,
  `academic_mentor_id` varchar(50) DEFAULT NULL,
  `academic_mentor_name` text,
  `academic_mentor_email` varchar(50) DEFAULT NULL,
  `academic_mentor_university` text,
  `industry_mentor_id` varchar(50) DEFAULT NULL,
  `industry_mentor_name` text,
  `industry_mentor_email` varchar(50) DEFAULT NULL,
  `industry_mentor_employer` text,
  `academic_progress_id` varchar(50) DEFAULT NULL,
  `number_of_courses` int DEFAULT NULL,
  `total_required_attendance` int DEFAULT NULL,
  `classes_attended` int DEFAULT NULL,
  `assignment_id` varchar(50) DEFAULT NULL,
  `submission_date` date DEFAULT NULL,
  `submission_delays` int DEFAULT NULL,
  `assignment_grades` varchar(50) DEFAULT NULL,
  `last_update` date DEFAULT NULL,
  `industry_id` varchar(50) DEFAULT NULL,
  `hours_per_week` int DEFAULT NULL,
  `no_of_tasks` int DEFAULT NULL,
  `academic_meeting_id` varchar(50) DEFAULT NULL,
  `academic_meeting_date` date DEFAULT NULL,
  `industry_meeting_id` varchar(50) DEFAULT NULL,
  `industry_meeting_date` date DEFAULT NULL,
  `request_id` varchar(50) DEFAULT NULL,
  `reason` text,
  `category` text,
  PRIMARY KEY (`master_id`),
  KEY `fk_request_id_idx` (`request_id`),
  KEY `fk_master_student_id_idx` (`student_id`),
  KEY `fk_master_academic_mentor_id_idx` (`academic_mentor_id`),
  KEY `fk_master_industry_mentor_id_idx` (`industry_mentor_id`),
  CONSTRAINT `fk_master_academic_mentor_id` FOREIGN KEY (`academic_mentor_id`) REFERENCES `academic_mentor` (`academic_mentor_id`),
  CONSTRAINT `fk_master_industry_mentor_id` FOREIGN KEY (`industry_mentor_id`) REFERENCES `industry_mentor` (`industry_mentor_id`),
  CONSTRAINT `fk_master_student_id` FOREIGN KEY (`student_id`) REFERENCES `students` (`student_id`)
) ENGINE=InnoDB DEFAULT CHARSET=utf8mb4 COLLATE=utf8mb4_0900_ai_ci;
/*!40101 SET character_set_client = @saved_cs_client */;

--
-- Dumping data for table `master_mmms`
--

LOCK TABLES `master_mmms` WRITE;
/*!40000 ALTER TABLE `master_mmms` DISABLE KEYS */;
INSERT INTO `master_mmms` VALUES ('M001','S001','Lee Olson','lee.olson@gmail.com','Big Data Analysis and Visualisation',1,'AM011','Robert Wilson','robert.wilson@edinburgh.ac.uk','University of Edinburgh','IM015','Jesse Miller','alicia38@price-russell.org','Amazon Development Centre Scotland','AP001',3,45,30,'AS001','2025-08-03',2,'B1','2025-07-01','IL001',63,13,'AMEET001','2025-08-01','IMEET001','2025-08-05','None','None','None'),('M002','S002','Bryan Wilkins','bryan.wilkins@gmail.com','Cybersecurity and Ethical Hacking',4,'AM009','Ruth Pennington','ruth.pennington@dundee.ac.uk','University of Dundee','IM019','Ryan Perkins','uchandler@baker.com','BAE Systems Applied Intelligence','AP002',2,24,12,'AS002','2025-08-02',2,'B1','2025-04-18','IL002',127,9,'AMEET002','2025-08-05','IMEET002','2025-08-03','None','None','None'),('M003','S003','Aaron Beck','aaron.beck@gmail.com','Artificial Intelligence and Machine Learning',4,'AM002','Meghan Robles','meghan.robles@glasgow.ac.uk','University of Glasgow','IM002','Michael Wood','mark43@campbell-hancock.com','Deloitte UK','AP003',1,13,11,'AS003','2025-08-05',2,'B1','2025-06-27','IL003',144,12,'AMEET003','2025-08-04','IMEET003','2025-08-05','None','None','None'),('M004','S004','Alexander Bailey','alexander.bailey@gmail.com','Big Data Analysis and Visualisation',3,'AM001','James Walters','james.walters@glasgow.ac.uk','University of Glasgow','IM012','Christopher Bennett','vmurphy@ford.info','Accenture Scotland','AP004',3,39,25,'AS004','2025-08-01',1,'A2','2025-05-06','IL004',121,11,'AMEET004','2025-08-02','IMEET004','2025-08-02','RQ022','Family Emergency','meeting'),('M005','S005','Meghan Garza','meghan.garza@gmail.com','Software Engineering Principles',3,'AM008','Meghan Gaines','meghan.gaines@glasgow.ac.uk','University of Glasgow','IM012','Christopher Bennett','vmurphy@ford.info','Accenture Scotland','AP005',3,33,28,'AS005','2025-08-04',2,'B1','2025-03-04','IL005',71,6,'AMEET005','2025-08-01','IMEET005','2025-08-03','RQ011','Corporate Overwork / High Workload','meeting'),('M006','S006','Carlos King','carlos.king@gmail.com','Interactive Media Design',1,'AM009','Ruth Pennington','ruth.pennington@dundee.ac.uk','University of Dundee','IM005','Aaron Fuller','gainesjacqueline@harrison.com','JP Morgan Chase & Co.','AP006',1,11,9,'AS006','2025-08-01',1,'A2','2025-01-27','IL006',75,10,'AMEET006','2025-08-05','IMEET006','2025-08-02','RQ015','Miscommunication or Delay in Assignment Communication','assignment'),('M007','S007','George Day','george.day@gmail.com','Software Engineering Principles',4,'AM019','Stephen Bryan','stephen.bryan@glasgow.ac.uk','University of Glasgow','IM009','Sara Navarro','fcastro@reid.biz','Deloitte UK','AP007',3,42,12,'AS007','2025-08-03',5,'C2','2025-04-04','IL007',129,17,'AMEET007','2025-08-01','IMEET007','2025-08-04','None','None','None'),('M008','S008','Katie Kane','katie.kane@gmail.com','Professional Project Management',4,'AM015','Jennifer Mcgee','jennifer.mcgee@glasgow.ac.uk','University of Glasgow','IM016','Arthur Brown','rbutler@gilbert.com','Tata Consultancy Services','AP008',1,11,10,'AS008','2025-08-03',2,'B1','2025-01-01','IL008',98,7,'AMEET008','2025-08-01','IMEET008','2025-08-02','None','None','None'),('M009','S009','Mary Wolfe','mary.wolfe@gmail.com','Research Methods in Computing',3,'AM009','Ruth Pennington','ruth.pennington@dundee.ac.uk','University of Dundee','IM018','Jamie Gordon','dean97@coleman-nelson.net','IBM UK Ltd.','AP009',2,26,14,'AS009','2025-08-05',2,'B1','2025-04-29','IL009',79,14,'AMEET009','2025-08-03','IMEET009','2025-08-05','None','None','None'),('M010','S010','Natalie Whitaker','natalie.whitaker@gmail.com','Big Data Analysis and Visualisation',4,'AM009','Ruth Pennington','ruth.pennington@dundee.ac.uk','University of Dundee','IM005','Aaron Fuller','gainesjacqueline@harrison.com','JP Morgan Chase & Co.','AP010',2,20,12,'AS010','2025-08-05',5,'C2','2025-05-19','IL010',103,20,'AMEET010','2025-08-01','IMEET010','2025-08-05','None','None','None'),('M011','S011','Kristin Ford','kristin.ford@gmail.com','Cybersecurity and Ethical Hacking',2,'AM005','Ernest Sanders','ernest.sanders@edinburgh.ac.uk','University of Edinburgh','IM003','Holly Hunt','kathryn59@smith.info','Barclays Technology Centre','AP011',1,15,13,'AS011','2025-08-04',2,'B1','2025-05-18','IL011',124,19,'AMEET011','2025-08-02','IMEET011','2025-08-01','None','None','None'),('M012','S012','Nancy Wade','nancy.wade@gmail.com','Computational Modelling and Programming',1,'AM004','Billy Owen','billy.owen@dundee.ac.uk','University of Dundee','IM007','Amy Lopez','perrymichael@webb-wall.com','Barclays Technology Centre','AP012',1,9,8,'AS012','2025-08-02',4,'C1','2025-07-10','IL012',99,5,'AMEET012','2025-08-01','IMEET012','2025-08-03','None','None','None'),('M013','S013','Nichole Scott','nichole.scott@gmail.com','Applied Data Science',3,'AM001','James Walters','james.walters@glasgow.ac.uk','University of Glasgow','IM005','Aaron Fuller','gainesjacqueline@harrison.com','JP Morgan Chase & Co.','AP013',2,26,8,'AS013','2025-08-01',6,'Fail','2025-06-24','IL013',71,15,'AMEET013','2025-08-03','IMEET013','2025-08-04','None','None','None'),('M014','S014','Tyler Ford','tyler.ford@gmail.com','Interactive Media Design',3,'AM019','Stephen Bryan','stephen.bryan@glasgow.ac.uk','University of Glasgow','IM018','Jamie Gordon','dean97@coleman-nelson.net','IBM UK Ltd.','AP014',3,27,14,'AS014','2025-08-04',2,'B1','2025-05-12','IL014',123,6,'AMEET014','2025-08-02','IMEET014','2025-08-05','RQ007','Mentor Unavailability / Meeting Canceled by Mentor','meeting'),('M015','S015','Kelsey Johnson','kelsey.johnson@gmail.com','Human-Centred Computing',1,'AM014','Gary Daugherty','gary.daugherty@edinburgh.ac.uk','University of Edinburgh','IM016','Arthur Brown','rbutler@gilbert.com','Tata Consultancy Services','AP015',3,39,39,'AS015','2025-08-02',5,'C2','2025-03-18','IL015',92,11,'AMEET015','2025-08-05','IMEET015','2025-08-02','None','None','None'),('M016','S016','Alisha Ayala','alisha.ayala@gmail.com','Big Data Analysis and Visualisation',1,'AM006','Robert Meza','robert.meza@dundee.ac.uk','University of Dundee','IM002','Michael Wood','mark43@campbell-hancock.com','Deloitte UK','AP016',1,15,10,'AS016','2025-08-03',5,'C2','2025-03-08','IL016',106,18,'AMEET016','2025-08-03','IMEET016','2025-08-04','None','None','None'),('M017','S017','Patrick Henry','patrick.henry@gmail.com','Applied Data Science',3,'AM008','Meghan Gaines','meghan.gaines@glasgow.ac.uk','University of Glasgow','IM003','Holly Hunt','kathryn59@smith.info','Barclays Technology Centre','AP017',1,8,5,'AS017','2025-08-01',2,'B1','2025-04-22','IL017',119,14,'AMEET017','2025-08-03','IMEET017','2025-08-04','None','None','None'),('M018','S018','Catherine Mccarty','catherine.mccarty@gmail.com','Applied Data Science',3,'AM020','Raymond Mckee','raymond.mckee@glasgow.ac.uk','University of Glasgow','IM018','Jamie Gordon','dean97@coleman-nelson.net','IBM UK Ltd.','AP018',3,39,32,'AS018','2025-08-02',4,'C1','2025-03-30','IL018',137,9,'AMEET018','2025-08-03','IMEET018','2025-08-01','None','None','None'),('M019','S019','Ricky Benson','ricky.benson@gmail.com','Artificial Intelligence and Machine Learning',2,'AM017','Joseph Lewis','joseph.lewis@edinburgh.ac.uk','University of Edinburgh','IM002','Michael Wood','mark43@campbell-hancock.com','Deloitte UK','AP019',1,12,10,'AS019','2025-08-03',0,'A1','2025-03-20','IL019',67,14,'AMEET019','2025-08-03','IMEET019','2025-08-05','None','None','None'),('M020','S020','Calvin Fisher','calvin.fisher@gmail.com','Business Intelligence and Strategy',3,'AM003','Laura Hubbard','laura.hubbard@glasgow.ac.uk','University of Glasgow','IM008','Daniel Lee','rhondaburton@long.com','Morgan Stanley','AP020',2,26,14,'AS020','2025-08-04',3,'B2','2025-06-29','IL020',83,19,'AMEET020','2025-08-04','IMEET020','2025-08-02','RQ004','Visa or Legal Paperwork Delays','attendance'),('M021','S021','Samantha Roberts DDS','samantha.roberts.dds@gmail.com','Artificial Intelligence and Machine Learning',2,'AM017','Joseph Lewis','joseph.lewis@edinburgh.ac.uk','University of Edinburgh','IM017','Whitney Williams','reynoldssandra@molina.com','Barclays Technology Centre','AP021',1,11,8,'AS021','2025-08-02',5,'C2','2025-01-12','IL021',136,17,'AMEET021','2025-08-04','IMEET021','2025-08-02','None','None','None'),('M022','S022','Christopher Lopez','christopher.lopez@gmail.com','Applied Data Science',4,'AM009','Ruth Pennington','ruth.pennington@dundee.ac.uk','University of Dundee','IM013','Daniel Jones','ldorsey@bailey.com','Barclays Technology Centre','AP022',1,12,10,'AS022','2025-08-01',6,'Fail','2025-07-31','IL022',74,9,'AMEET022','2025-08-01','IMEET022','2025-08-04','None','None','None'),('M023','S023','Christopher Brooks','christopher.brooks@gmail.com','Information Systems Management',4,'AM008','Meghan Gaines','meghan.gaines@glasgow.ac.uk','University of Glasgow','IM015','Jesse Miller','alicia38@price-russell.org','Amazon Development Centre Scotland','AP023',3,39,8,'AS023','2025-08-03',2,'B1','2025-06-19','IL023',107,8,'AMEET023','2025-08-03','IMEET023','2025-08-01','None','None','None'),('M024','S024','Jimmy Parker','jimmy.parker@gmail.com','Big Data Analysis and Visualisation',2,'AM001','James Walters','james.walters@glasgow.ac.uk','University of Glasgow','IM009','Sara Navarro','fcastro@reid.biz','Deloitte UK','AP024',1,12,9,'AS024','2025-08-05',4,'C1','2025-01-29','IL024',127,17,'AMEET024','2025-08-02','IMEET024','2025-08-03','RQ027','Corporate Overwork / High Workload','meeting'),('M025','S025','Sandra Young','sandra.young@gmail.com','Information Systems Management',1,'AM016','Patricia Bolton','patricia.bolton@edinburgh.ac.uk','University of Edinburgh','IM005','Aaron Fuller','gainesjacqueline@harrison.com','JP Morgan Chase & Co.','AP025',3,45,11,'AS025','2025-08-05',4,'C1','2025-07-17','IL025',101,8,'AMEET025','2025-08-05','IMEET025','2025-08-01','None','None','None'),('M026','S026','Angela Haley','angela.haley@gmail.com','Computational Modelling and Programming',3,'AM017','Joseph Lewis','joseph.lewis@edinburgh.ac.uk','University of Edinburgh','IM003','Holly Hunt','kathryn59@smith.info','Barclays Technology Centre','AP026',2,22,13,'AS026','2025-08-01',0,'A1','2025-06-06','IL026',89,13,'AMEET026','2025-08-02','IMEET026','2025-08-04','None','None','None'),('M027','S027','Matthew Myers','matthew.myers@gmail.com','Interactive Media Design',1,'AM003','Laura Hubbard','laura.hubbard@glasgow.ac.uk','University of Glasgow','IM005','Aaron Fuller','gainesjacqueline@harrison.com','JP Morgan Chase & Co.','AP027',1,15,9,'AS027','2025-08-02',2,'B1','2025-02-13','IL027',72,15,'AMEET027','2025-08-04','IMEET027','2025-08-04','None','None','None'),('M028','S028','Randy Perez','randy.perez@gmail.com','Computational Modelling and Programming',2,'AM009','Ruth Pennington','ruth.pennington@dundee.ac.uk','University of Dundee','IM001','Justin Kelly','abarrett@young.com','Morgan Stanley','AP028',3,39,31,'AS028','2025-08-03',0,'A1','2025-06-20','IL028',121,9,'AMEET028','2025-08-05','IMEET028','2025-08-04','RQ003','Corporate Overwork / High Workload','attendance'),('M029','S029','Kevin Bautista','kevin.bautista@gmail.com','Information Systems Management',3,'AM012','Jacob Smith','jacob.smith@edinburgh.ac.uk','University of Edinburgh','IM015','Jesse Miller','alicia38@price-russell.org','Amazon Development Centre Scotland','AP029',3,45,9,'AS029','2025-08-05',0,'A1','2025-03-20','IL029',125,11,'AMEET029','2025-08-04','IMEET029','2025-08-01','RQ021','Approved Leave (Vacation, Wedding, etc.)','attendance'),('M030','S030','Jeffrey Turner','jeffrey.turner@gmail.com','Artificial Intelligence and Machine Learning',3,'AM008','Meghan Gaines','meghan.gaines@glasgow.ac.uk','University of Glasgow','IM014','Xavier Oconnor','samuelrice@jones.com','Deloitte UK','AP030',3,24,24,'AS030','2025-08-05',5,'C2','2025-07-05','IL030',143,12,'AMEET030','2025-08-01','IMEET030','2025-08-04','None','None','None'),('M031','S031','Samuel Thompson','samuel.thompson@gmail.com','Professional Project Management',2,'AM010','William Lee','william.lee@glasgow.ac.uk','University of Glasgow','IM018','Jamie Gordon','dean97@coleman-nelson.net','IBM UK Ltd.','AP031',1,10,6,'AS031','2025-08-05',5,'C2','2025-06-28','IL031',65,13,'AMEET031','2025-08-01','IMEET031','2025-08-01','None','None','None'),('M032','S032','Sarah Peters','sarah.peters@gmail.com','Cybersecurity and Ethical Hacking',4,'AM018','Calvin Butler','calvin.butler@glasgow.ac.uk','University of Glasgow','IM018','Jamie Gordon','dean97@coleman-nelson.net','IBM UK Ltd.','AP032',1,14,11,'AS032','2025-08-03',3,'B2','2025-06-15','IL032',95,16,'AMEET032','2025-08-05','IMEET032','2025-08-04','RQ018','Miscommunication or Delay in Assignment Communication','assignment'),('M033','S033','Jessica Martinez','jessica.martinez@gmail.com','Information Systems Management',1,'AM007','Brian May','brian.may@edinburgh.ac.uk','University of Edinburgh','IM018','Jamie Gordon','dean97@coleman-nelson.net','IBM UK Ltd.','AP033',1,13,8,'AS033','2025-08-05',3,'B2','2025-05-08','IL033',109,16,'AMEET033','2025-08-02','IMEET033','2025-08-04','RQ028','Approved Leave (Vacation, Wedding, etc.)','attendance'),('M034','S034','Cynthia Bowen','cynthia.bowen@gmail.com','Business Intelligence and Strategy',2,'AM017','Joseph Lewis','joseph.lewis@edinburgh.ac.uk','University of Edinburgh','IM011','Natalie Walker','sheltondanielle@bennett-jenkins.com','Skyscanner','AP034',2,16,12,'AS034','2025-08-02',4,'C1','2025-02-05','IL034',112,17,'AMEET034','2025-08-01','IMEET034','2025-08-01','None','None','None'),('M035','S035','Julie Foley','julie.foley@gmail.com','Research Methods in Computing',1,'AM005','Ernest Sanders','ernest.sanders@edinburgh.ac.uk','University of Edinburgh','IM007','Amy Lopez','perrymichael@webb-wall.com','Barclays Technology Centre','AP035',2,24,13,'AS035','2025-08-03',6,'Fail','2025-04-18','IL035',74,7,'AMEET035','2025-08-04','IMEET035','2025-08-04','None','None','None'),('M036','S036','Luke Jackson','luke.jackson@gmail.com','Business Intelligence and Strategy',3,'AM015','Jennifer Mcgee','jennifer.mcgee@glasgow.ac.uk','University of Glasgow','IM013','Daniel Jones','ldorsey@bailey.com','Barclays Technology Centre','AP036',1,10,7,'AS036','2025-08-05',6,'Fail','2025-05-27','IL036',83,5,'AMEET036','2025-08-05','IMEET036','2025-08-03','RQ001, RQ026','Family Emergency, Extension Approved by Academic Mentor','attendance, assignment'),('M037','S037','Terri Williams','terri.williams@gmail.com','Business Intelligence and Strategy',3,'AM015','Jennifer Mcgee','jennifer.mcgee@glasgow.ac.uk','University of Glasgow','IM004','Peter Barnett','bgomez@johnson.com','Morgan Stanley','AP037',1,12,7,'AS037','2025-08-03',4,'C1','2025-08-03','IL037',112,12,'AMEET037','2025-08-02','IMEET037','2025-08-03','None','None','None'),('M038','S038','Jasmine Lewis','jasmine.lewis@gmail.com','Big Data Analysis and Visualisation',1,'AM006','Robert Meza','robert.meza@dundee.ac.uk','University of Dundee','IM003','Holly Hunt','kathryn59@smith.info','Barclays Technology Centre','AP038',2,28,11,'AS038','2025-08-05',4,'C1','2025-02-11','IL038',73,18,'AMEET038','2025-08-05','IMEET038','2025-08-04','None','None','None'),('M039','S039','Troy Cook','troy.cook@gmail.com','Human-Centred Computing',1,'AM004','Billy Owen','billy.owen@dundee.ac.uk','University of Dundee','IM009','Sara Navarro','fcastro@reid.biz','Deloitte UK','AP039',2,26,21,'AS039','2025-08-04',6,'Fail','2025-05-30','IL039',74,12,'AMEET039','2025-08-03','IMEET039','2025-08-02','None','None','None'),('M040','S040','Sylvia Ibarra','sylvia.ibarra@gmail.com','Big Data Analysis and Visualisation',4,'AM001','James Walters','james.walters@glasgow.ac.uk','University of Glasgow','IM011','Natalie Walker','sheltondanielle@bennett-jenkins.com','Skyscanner','AP040',3,33,30,'AS040','2025-08-05',6,'Fail','2025-04-02','IL040',147,5,'AMEET040','2025-08-02','IMEET040','2025-08-05','RQ020','Mentor Unavailability / Meeting Canceled by Mentor','meeting'),('M041','S041','Theresa Morris','theresa.morris@gmail.com','Big Data Analysis and Visualisation',3,'AM009','Ruth Pennington','ruth.pennington@dundee.ac.uk','University of Dundee','IM017','Whitney Williams','reynoldssandra@molina.com','Barclays Technology Centre','AP041',2,18,12,'AS041','2025-08-05',0,'A1','2025-05-03','IL041',134,16,'AMEET041','2025-08-02','IMEET041','2025-08-02','None','None','None'),('M042','S042','Mark Thompson','mark.thompson@gmail.com','Big Data Analysis and Visualisation',1,'AM018','Calvin Butler','calvin.butler@glasgow.ac.uk','University of Glasgow','IM001','Justin Kelly','abarrett@young.com','Morgan Stanley','AP042',2,18,5,'AS042','2025-08-05',2,'B1','2025-04-26','IL042',76,17,'AMEET042','2025-08-03','IMEET042','2025-08-02','None','None','None'),('M043','S043','Kerri Sullivan','kerri.sullivan@gmail.com','Human-Centred Computing',2,'AM019','Stephen Bryan','stephen.bryan@glasgow.ac.uk','University of Glasgow','IM014','Xavier Oconnor','samuelrice@jones.com','Deloitte UK','AP043',1,13,12,'AS043','2025-08-03',2,'B1','2025-04-03','IL043',98,13,'AMEET043','2025-08-04','IMEET043','2025-08-02','RQ014','Family Emergency','attendance'),('M044','S044','Julie Mason','julie.mason@gmail.com','Information Systems Management',1,'AM005','Ernest Sanders','ernest.sanders@edinburgh.ac.uk','University of Edinburgh','IM018','Jamie Gordon','dean97@coleman-nelson.net','IBM UK Ltd.','AP044',2,16,12,'AS044','2025-08-01',6,'Fail','2025-04-02','IL044',70,5,'AMEET044','2025-08-05','IMEET044','2025-08-04','RQ025','Mentor Unavailability / Meeting Canceled by Mentor','meeting'),('M045','S045','Kevin Moore','kevin.moore@gmail.com','Cybersecurity and Ethical Hacking',4,'AM012','Jacob Smith','jacob.smith@edinburgh.ac.uk','University of Edinburgh','IM012','Christopher Bennett','vmurphy@ford.info','Accenture Scotland','AP045',3,33,32,'AS045','2025-08-02',4,'C1','2025-03-27','IL045',83,17,'AMEET045','2025-08-01','IMEET045','2025-08-04','None','None','None'),('M046','S046','Jacqueline Cannon','jacqueline.cannon@gmail.com','Professional Project Management',2,'AM006','Robert Meza','robert.meza@dundee.ac.uk','University of Dundee','IM019','Ryan Perkins','uchandler@baker.com','BAE Systems Applied Intelligence','AP046',2,22,19,'AS046','2025-08-01',4,'C1','2025-06-08','IL046',102,5,'AMEET046','2025-08-04','IMEET046','2025-08-04','RQ029','Corporate Overwork / High Workload','assignment'),('M047','S047','Joshua Paul','joshua.paul@gmail.com','Applied Data Science',1,'AM018','Calvin Butler','calvin.butler@glasgow.ac.uk','University of Glasgow','IM010','Brooke Perry','aaronedwards@hall.biz','Barclays Technology Centre','AP047',3,39,39,'AS047','2025-08-05',4,'C1','2025-01-25','IL047',93,12,'AMEET047','2025-08-03','IMEET047','2025-08-02','None','None','None'),('M048','S048','Brenda Mcdaniel','brenda.mcdaniel@gmail.com','Software Engineering Principles',3,'AM005','Ernest Sanders','ernest.sanders@edinburgh.ac.uk','University of Edinburgh','IM011','Natalie Walker','sheltondanielle@bennett-jenkins.com','Skyscanner','AP048',1,13,13,'AS048','2025-08-01',6,'Fail','2025-04-05','IL048',95,10,'AMEET048','2025-08-02','IMEET048','2025-08-02','None','None','None'),('M049','S049','Linda Brown','linda.brown@gmail.com','Information Systems Management',2,'AM019','Stephen Bryan','stephen.bryan@glasgow.ac.uk','University of Glasgow','IM010','Brooke Perry','aaronedwards@hall.biz','Barclays Technology Centre','AP049',1,14,8,'AS049','2025-08-05',5,'C2','2025-04-22','IL049',90,13,'AMEET049','2025-08-04','IMEET049','2025-08-01','None','None','None'),('M050','S050','Desiree Carter','desiree.carter@gmail.com','Business Intelligence and Strategy',1,'AM016','Patricia Bolton','patricia.bolton@edinburgh.ac.uk','University of Edinburgh','IM018','Jamie Gordon','dean97@coleman-nelson.net','IBM UK Ltd.','AP050',2,22,15,'AS050','2025-08-02',2,'B1','2025-01-28','IL050',139,18,'AMEET050','2025-08-04','IMEET050','2025-08-04','RQ002','Mentor Unavailability / Meeting Canceled by Mentor','meeting'),('M051','S051','James Jensen','james.jensen@gmail.com','Artificial Intelligence and Machine Learning',3,'AM004','Billy Owen','billy.owen@dundee.ac.uk','University of Dundee','IM011','Natalie Walker','sheltondanielle@bennett-jenkins.com','Skyscanner','AP051',2,26,11,'AS051','2025-08-01',0,'A1','2025-05-16','IL051',129,6,'AMEET051','2025-08-02','IMEET051','2025-08-05','None','None','None'),('M052','S052','Tammy Davis','tammy.davis@gmail.com','Interactive Media Design',2,'AM016','Patricia Bolton','patricia.bolton@edinburgh.ac.uk','University of Edinburgh','IM001','Justin Kelly','abarrett@young.com','Morgan Stanley','AP052',1,14,10,'AS052','2025-08-02',5,'C2','2025-07-04','IL052',111,20,'AMEET052','2025-08-05','IMEET052','2025-08-02','None','None','None'),('M053','S053','Cody Stokes','cody.stokes@gmail.com','Research Methods in Computing',3,'AM011','Robert Wilson','robert.wilson@edinburgh.ac.uk','University of Edinburgh','IM017','Whitney Williams','reynoldssandra@molina.com','Barclays Technology Centre','AP053',2,16,7,'AS053','2025-08-03',5,'C2','2025-05-26','IL053',107,11,'AMEET053','2025-08-03','IMEET053','2025-08-01','None','None','None'),('M054','S054','Marcus Carter','marcus.carter@gmail.com','Artificial Intelligence and Machine Learning',3,'AM020','Raymond Mckee','raymond.mckee@glasgow.ac.uk','University of Glasgow','IM012','Christopher Bennett','vmurphy@ford.info','Accenture Scotland','AP054',2,30,23,'AS054','2025-08-01',0,'A1','2025-02-06','IL054',73,8,'AMEET054','2025-08-04','IMEET054','2025-08-05','None','None','None'),('M055','S055','Jacob Sanchez','jacob.sanchez@gmail.com','Applied Data Science',3,'AM019','Stephen Bryan','stephen.bryan@glasgow.ac.uk','University of Glasgow','IM007','Amy Lopez','perrymichael@webb-wall.com','Barclays Technology Centre','AP055',1,10,9,'AS055','2025-08-01',0,'A1','2025-03-08','IL055',145,10,'AMEET055','2025-08-01','IMEET055','2025-08-02','None','None','None'),('M056','S056','Belinda Davidson','belinda.davidson@gmail.com','Applied Data Science',2,'AM015','Jennifer Mcgee','jennifer.mcgee@glasgow.ac.uk','University of Glasgow','IM016','Arthur Brown','rbutler@gilbert.com','Tata Consultancy Services','AP056',3,27,19,'AS056','2025-08-04',5,'C2','2025-03-22','IL056',94,15,'AMEET056','2025-08-01','IMEET056','2025-08-01','RQ013','Corporate Overwork / High Workload','assignment'),('M057','S057','Jeffrey Wiggins','jeffrey.wiggins@gmail.com','Cybersecurity and Ethical Hacking',3,'AM006','Robert Meza','robert.meza@dundee.ac.uk','University of Dundee','IM019','Ryan Perkins','uchandler@baker.com','BAE Systems Applied Intelligence','AP057',2,16,14,'AS057','2025-08-03',0,'A1','2025-04-07','IL057',90,12,'AMEET057','2025-08-01','IMEET057','2025-08-01','RQ010','Approved Leave (Vacation, Wedding, etc.)','attendance'),('M058','S058','Jacob Vazquez','jacob.vazquez@gmail.com','Big Data Analysis and Visualisation',2,'AM011','Robert Wilson','robert.wilson@edinburgh.ac.uk','University of Edinburgh','IM009','Sara Navarro','fcastro@reid.biz','Deloitte UK','AP058',3,27,6,'AS058','2025-08-03',0,'A1','2025-05-04','IL058',142,20,'AMEET058','2025-08-02','IMEET058','2025-08-02','None','None','None'),('M059','S059','James Fry','james.fry@gmail.com','Computational Modelling and Programming',1,'AM019','Stephen Bryan','stephen.bryan@glasgow.ac.uk','University of Glasgow','IM004','Peter Barnett','bgomez@johnson.com','Morgan Stanley','AP059',1,9,8,'AS059','2025-08-02',5,'C2','2025-02-08','IL059',71,9,'AMEET059','2025-08-04','IMEET059','2025-08-05','None','None','None'),('M060','S060','Tom Deleon','tom.deleon@gmail.com','Software Engineering Principles',1,'AM020','Raymond Mckee','raymond.mckee@glasgow.ac.uk','University of Glasgow','IM001','Justin Kelly','abarrett@young.com','Morgan Stanley','AP060',2,22,17,'AS060','2025-08-02',1,'A2','2025-02-24','IL060',147,18,'AMEET060','2025-08-02','IMEET060','2025-08-05','None','None','None'),('M061','S061','Thomas Weeks','thomas.weeks@gmail.com','Computational Modelling and Programming',3,'AM006','Robert Meza','robert.meza@dundee.ac.uk','University of Dundee','IM011','Natalie Walker','sheltondanielle@bennett-jenkins.com','Skyscanner','AP061',1,11,5,'AS061','2025-08-01',2,'B1','2025-03-06','IL061',78,9,'AMEET061','2025-08-01','IMEET061','2025-08-04','RQ006, RQ024','Visa or Legal Paperwork Delays, Family Emergency','attendance, meeting'),('M062','S062','Nicolas Williams','nicolas.williams@gmail.com','Artificial Intelligence and Machine Learning',2,'AM006','Robert Meza','robert.meza@dundee.ac.uk','University of Dundee','IM006','Dustin Alvarez','ngregory@tyler.com','JP Morgan Chase & Co.','AP062',1,8,6,'AS062','2025-08-05',3,'B2','2025-07-09','IL062',127,16,'AMEET062','2025-08-03','IMEET062','2025-08-01','None','None','None'),('M063','S063','Kimberly Jones','kimberly.jones@gmail.com','Information Systems Management',2,'AM017','Joseph Lewis','joseph.lewis@edinburgh.ac.uk','University of Edinburgh','IM010','Brooke Perry','aaronedwards@hall.biz','Barclays Technology Centre','AP063',2,26,16,'AS063','2025-08-04',5,'C2','2025-05-31','IL063',139,18,'AMEET063','2025-08-02','IMEET063','2025-08-03','None','None','None'),('M064','S064','Lisa Ruiz','lisa.ruiz@gmail.com','Software Engineering Principles',1,'AM012','Jacob Smith','jacob.smith@edinburgh.ac.uk','University of Edinburgh','IM003','Holly Hunt','kathryn59@smith.info','Barclays Technology Centre','AP064',2,26,15,'AS064','2025-08-01',4,'C1','2025-05-01','IL064',108,7,'AMEET064','2025-08-01','IMEET064','2025-08-02','None','None','None'),('M065','S065','Amy Williams','amy.williams@gmail.com','Computational Modelling and Programming',1,'AM005','Ernest Sanders','ernest.sanders@edinburgh.ac.uk','University of Edinburgh','IM013','Daniel Jones','ldorsey@bailey.com','Barclays Technology Centre','AP065',1,12,12,'AS065','2025-08-03',5,'C2','2025-04-20','IL065',64,19,'AMEET065','2025-08-03','IMEET065','2025-08-01','RQ030','Family Emergency','attendance'),('M066','S066','Kelly Avila','kelly.avila@gmail.com','Professional Project Management',3,'AM009','Ruth Pennington','ruth.pennington@dundee.ac.uk','University of Dundee','IM009','Sara Navarro','fcastro@reid.biz','Deloitte UK','AP066',3,30,8,'AS066','2025-08-02',0,'A1','2025-02-21','IL066',76,5,'AMEET066','2025-08-02','IMEET066','2025-08-02','None','None','None'),('M067','S067','Deborah Nash','deborah.nash@gmail.com','Applied Data Science',1,'AM011','Robert Wilson','robert.wilson@edinburgh.ac.uk','University of Edinburgh','IM020','Cynthia Marquez','maycasey@nunez-williams.biz','Skyscanner','AP067',1,10,6,'AS067','2025-08-03',0,'A1','2025-02-25','IL067',77,18,'AMEET067','2025-08-02','IMEET067','2025-08-04','None','None','None'),('M068','S068','Kristin Cochran','kristin.cochran@gmail.com','Applied Data Science',4,'AM016','Patricia Bolton','patricia.bolton@edinburgh.ac.uk','University of Edinburgh','IM009','Sara Navarro','fcastro@reid.biz','Deloitte UK','AP068',3,36,11,'AS068','2025-08-03',4,'C1','2025-03-09','IL068',138,19,'AMEET068','2025-08-04','IMEET068','2025-08-02','None','None','None'),('M069','S069','Benjamin Payne','benjamin.payne@gmail.com','Interactive Media Design',3,'AM014','Gary Daugherty','gary.daugherty@edinburgh.ac.uk','University of Edinburgh','IM001','Justin Kelly','abarrett@young.com','Morgan Stanley','AP069',3,45,39,'AS069','2025-08-01',4,'C1','2025-05-08','IL069',70,15,'AMEET069','2025-08-04','IMEET069','2025-08-04','None','None','None'),('M070','S070','Jaime Jackson','jaime.jackson@gmail.com','Human-Centred Computing',3,'AM011','Robert Wilson','robert.wilson@edinburgh.ac.uk','University of Edinburgh','IM007','Amy Lopez','perrymichael@webb-wall.com','Barclays Technology Centre','AP070',3,39,35,'AS070','2025-08-02',2,'B1','2025-04-30','IL070',129,16,'AMEET070','2025-08-05','IMEET070','2025-08-04','RQ016','Miscommunication or Delay in Assignment Communication','assignment'),('M071','S071','Jennifer Mcdonald','jennifer.mcdonald@gmail.com','Information Systems Management',4,'AM004','Billy Owen','billy.owen@dundee.ac.uk','University of Dundee','IM015','Jesse Miller','alicia38@price-russell.org','Amazon Development Centre Scotland','AP071',3,39,36,'AS071','2025-08-05',5,'C2','2025-07-07','IL071',95,14,'AMEET071','2025-08-02','IMEET071','2025-08-03','None','None','None'),('M072','S072','Jason Myers','jason.myers@gmail.com','Software Engineering Principles',4,'AM008','Meghan Gaines','meghan.gaines@glasgow.ac.uk','University of Glasgow','IM005','Aaron Fuller','gainesjacqueline@harrison.com','JP Morgan Chase & Co.','AP072',2,24,5,'AS072','2025-08-01',6,'Fail','2025-03-18','IL072',61,19,'AMEET072','2025-08-02','IMEET072','2025-08-01','None','None','None'),('M073','S073','Catherine Wong','catherine.wong@gmail.com','Research Methods in Computing',4,'AM005','Ernest Sanders','ernest.sanders@edinburgh.ac.uk','University of Edinburgh','IM010','Brooke Perry','aaronedwards@hall.biz','Barclays Technology Centre','AP073',1,15,15,'AS073','2025-08-01',2,'B1','2025-07-27','IL073',147,19,'AMEET073','2025-08-02','IMEET073','2025-08-03','None','None','None'),('M074','S074','Charles Wilson','charles.wilson@gmail.com','Applied Data Science',4,'AM001','James Walters','james.walters@glasgow.ac.uk','University of Glasgow','IM011','Natalie Walker','sheltondanielle@bennett-jenkins.com','Skyscanner','AP074',2,24,21,'AS074','2025-08-04',1,'A2','2025-04-04','IL074',68,10,'AMEET074','2025-08-04','IMEET074','2025-08-02','None','None','None'),('M075','S075','Alec Rose','alec.rose@gmail.com','Artificial Intelligence and Machine Learning',4,'AM005','Ernest Sanders','ernest.sanders@edinburgh.ac.uk','University of Edinburgh','IM019','Ryan Perkins','uchandler@baker.com','BAE Systems Applied Intelligence','AP075',2,16,14,'AS075','2025-08-02',3,'B2','2025-05-01','IL075',142,5,'AMEET075','2025-08-05','IMEET075','2025-08-01','None','None','None'),('M076','S076','Isaiah Chavez','isaiah.chavez@gmail.com','Business Intelligence and Strategy',1,'AM018','Calvin Butler','calvin.butler@glasgow.ac.uk','University of Glasgow','IM004','Peter Barnett','bgomez@johnson.com','Morgan Stanley','AP076',2,16,12,'AS076','2025-08-02',2,'B1','2025-06-15','IL076',90,7,'AMEET076','2025-08-02','IMEET076','2025-08-05','None','None','None'),('M077','S077','Dana Terrell','dana.terrell@gmail.com','Research Methods in Computing',2,'AM019','Stephen Bryan','stephen.bryan@glasgow.ac.uk','University of Glasgow','IM016','Arthur Brown','rbutler@gilbert.com','Tata Consultancy Services','AP077',3,24,16,'AS077','2025-08-02',6,'Fail','2025-05-04','IL077',134,11,'AMEET077','2025-08-04','IMEET077','2025-08-04','None','None','None'),('M078','S078','Connie Howard','connie.howard@gmail.com','Software Engineering Principles',2,'AM006','Robert Meza','robert.meza@dundee.ac.uk','University of Dundee','IM007','Amy Lopez','perrymichael@webb-wall.com','Barclays Technology Centre','AP078',1,12,5,'AS078','2025-08-03',6,'Fail','2025-01-25','IL078',70,12,'AMEET078','2025-08-04','IMEET078','2025-08-03','None','None','None'),('M079','S079','John Gonzalez','john.gonzalez@gmail.com','Interactive Media Design',2,'AM020','Raymond Mckee','raymond.mckee@glasgow.ac.uk','University of Glasgow','IM005','Aaron Fuller','gainesjacqueline@harrison.com','JP Morgan Chase & Co.','AP079',3,30,18,'AS079','2025-08-04',5,'C2','2025-05-24','IL079',122,8,'AMEET079','2025-08-04','IMEET079','2025-08-03','RQ012','Mentor Unavailability / Meeting Canceled by Mentor','meeting'),('M080','S080','Lori Smith','lori.smith@gmail.com','Research Methods in Computing',2,'AM014','Gary Daugherty','gary.daugherty@edinburgh.ac.uk','University of Edinburgh','IM019','Ryan Perkins','uchandler@baker.com','BAE Systems Applied Intelligence','AP080',3,45,31,'AS080','2025-08-03',3,'B2','2025-07-27','IL080',93,17,'AMEET080','2025-08-03','IMEET080','2025-08-02','None','None','None'),('M081','S081','Eileen Torres','eileen.torres@gmail.com','Applied Data Science',4,'AM001','James Walters','james.walters@glasgow.ac.uk','University of Glasgow','IM003','Holly Hunt','kathryn59@smith.info','Barclays Technology Centre','AP081',1,14,14,'AS081','2025-08-05',3,'B2','2025-01-08','IL081',74,20,'AMEET081','2025-08-03','IMEET081','2025-08-04','None','None','None'),('M082','S082','Jessica Butler','jessica.butler@gmail.com','Business Intelligence and Strategy',4,'AM006','Robert Meza','robert.meza@dundee.ac.uk','University of Dundee','IM004','Peter Barnett','bgomez@johnson.com','Morgan Stanley','AP082',1,13,5,'AS082','2025-08-02',4,'C1','2025-04-23','IL082',119,16,'AMEET082','2025-08-04','IMEET082','2025-08-04','None','None','None'),('M083','S083','Jeffrey Mcdowell','jeffrey.mcdowell@gmail.com','Artificial Intelligence and Machine Learning',4,'AM011','Robert Wilson','robert.wilson@edinburgh.ac.uk','University of Edinburgh','IM015','Jesse Miller','alicia38@price-russell.org','Amazon Development Centre Scotland','AP083',2,30,20,'AS083','2025-08-05',2,'B1','2025-06-05','IL083',67,5,'AMEET083','2025-08-05','IMEET083','2025-08-05','None','None','None'),('M084','S084','Jodi Patel','jodi.patel@gmail.com','Human-Centred Computing',2,'AM020','Raymond Mckee','raymond.mckee@glasgow.ac.uk','University of Glasgow','IM018','Jamie Gordon','dean97@coleman-nelson.net','IBM UK Ltd.','AP084',3,36,33,'AS084','2025-08-01',0,'A1','2025-05-08','IL084',76,7,'AMEET084','2025-08-03','IMEET084','2025-08-02','RQ023','Corporate Overwork / High Workload','meeting'),('M085','S085','Laura Price','laura.price@gmail.com','Information Systems Management',3,'AM002','Meghan Robles','meghan.robles@glasgow.ac.uk','University of Glasgow','IM004','Peter Barnett','bgomez@johnson.com','Morgan Stanley','AP085',2,30,7,'AS085','2025-08-04',0,'A1','2025-02-19','IL085',65,19,'AMEET085','2025-08-04','IMEET085','2025-08-04','None','None','None'),('M086','S086','Sandra Moore','sandra.moore@gmail.com','Computational Modelling and Programming',1,'AM011','Robert Wilson','robert.wilson@edinburgh.ac.uk','University of Edinburgh','IM001','Justin Kelly','abarrett@young.com','Morgan Stanley','AP086',1,8,6,'AS086','2025-08-05',5,'C2','2025-05-10','IL086',82,11,'AMEET086','2025-08-02','IMEET086','2025-08-04','None','None','None'),('M087','S087','Andrew Berry','andrew.berry@gmail.com','Computational Modelling and Programming',1,'AM007','Brian May','brian.may@edinburgh.ac.uk','University of Edinburgh','IM012','Christopher Bennett','vmurphy@ford.info','Accenture Scotland','AP087',3,27,15,'AS087','2025-08-01',4,'C1','2025-07-21','IL087',76,5,'AMEET087','2025-08-05','IMEET087','2025-08-05','None','None','None'),('M088','S088','Gavin Davis','gavin.davis@gmail.com','Interactive Media Design',1,'AM017','Joseph Lewis','joseph.lewis@edinburgh.ac.uk','University of Edinburgh','IM002','Michael Wood','mark43@campbell-hancock.com','Deloitte UK','AP088',2,18,7,'AS088','2025-08-01',2,'B1','2025-03-10','IL088',104,20,'AMEET088','2025-08-03','IMEET088','2025-08-04','None','None','None'),('M089','S089','Kimberly Curry','kimberly.curry@gmail.com','Artificial Intelligence and Machine Learning',3,'AM019','Stephen Bryan','stephen.bryan@glasgow.ac.uk','University of Glasgow','IM012','Christopher Bennett','vmurphy@ford.info','Accenture Scotland','AP089',2,28,26,'AS089','2025-08-05',2,'B1','2025-01-03','IL089',123,8,'AMEET089','2025-08-03','IMEET089','2025-08-02','None','None','None'),('M090','S090','Jeanette Powell','jeanette.powell@gmail.com','Research Methods in Computing',3,'AM005','Ernest Sanders','ernest.sanders@edinburgh.ac.uk','University of Edinburgh','IM020','Cynthia Marquez','maycasey@nunez-williams.biz','Skyscanner','AP090',3,24,5,'AS090','2025-08-04',0,'A1','2025-06-18','IL090',134,9,'AMEET090','2025-08-02','IMEET090','2025-08-04','None','None','None'),('M091','S091','Jessica Skinner','jessica.skinner@gmail.com','Computational Modelling and Programming',3,'AM020','Raymond Mckee','raymond.mckee@glasgow.ac.uk','University of Glasgow','IM020','Cynthia Marquez','maycasey@nunez-williams.biz','Skyscanner','AP091',1,13,9,'AS091','2025-08-05',6,'Fail','2025-08-02','IL091',116,17,'AMEET091','2025-08-05','IMEET091','2025-08-05','RQ005','Family Emergency','meeting'),('M092','S092','Deborah Hogan','deborah.hogan@gmail.com','Cybersecurity and Ethical Hacking',4,'AM016','Patricia Bolton','patricia.bolton@edinburgh.ac.uk','University of Edinburgh','IM001','Justin Kelly','abarrett@young.com','Morgan Stanley','AP092',2,18,8,'AS092','2025-08-04',5,'C2','2025-05-26','IL092',64,5,'AMEET092','2025-08-03','IMEET092','2025-08-05','RQ017','Corporate Overwork / High Workload','meeting'),('M093','S093','Carla Ross','carla.ross@gmail.com','Applied Data Science',2,'AM002','Meghan Robles','meghan.robles@glasgow.ac.uk','University of Glasgow','IM018','Jamie Gordon','dean97@coleman-nelson.net','IBM UK Ltd.','AP093',1,14,10,'AS093','2025-08-03',4,'C1','2025-03-16','IL093',131,19,'AMEET093','2025-08-05','IMEET093','2025-08-03','None','None','None'),('M094','S094','Thomas Simmons','thomas.simmons@gmail.com','Business Intelligence and Strategy',3,'AM020','Raymond Mckee','raymond.mckee@glasgow.ac.uk','University of Glasgow','IM006','Dustin Alvarez','ngregory@tyler.com','JP Morgan Chase & Co.','AP094',1,11,7,'AS094','2025-08-02',1,'A2','2025-04-05','IL094',62,10,'AMEET094','2025-08-05','IMEET094','2025-08-02','None','None','None'),('M095','S095','Nancy Harris','nancy.harris@gmail.com','Software Engineering Principles',4,'AM003','Laura Hubbard','laura.hubbard@glasgow.ac.uk','University of Glasgow','IM020','Cynthia Marquez','maycasey@nunez-williams.biz','Skyscanner','AP095',2,16,15,'AS095','2025-08-02',4,'C1','2025-03-29','IL095',84,6,'AMEET095','2025-08-04','IMEET095','2025-08-02','None','None','None'),('M096','S096','Daniel Winters','daniel.winters@gmail.com','Professional Project Management',1,'AM019','Stephen Bryan','stephen.bryan@glasgow.ac.uk','University of Glasgow','IM017','Whitney Williams','reynoldssandra@molina.com','Barclays Technology Centre','AP096',1,13,6,'AS096','2025-08-02',2,'B1','2025-02-14','IL096',124,10,'AMEET096','2025-08-01','IMEET096','2025-08-03','None','None','None'),('M097','S097','Michele Phillips','michele.phillips@gmail.com','Software Engineering Principles',4,'AM003','Laura Hubbard','laura.hubbard@glasgow.ac.uk','University of Glasgow','IM007','Amy Lopez','perrymichael@webb-wall.com','Barclays Technology Centre','AP097',3,36,9,'AS097','2025-08-02',2,'B1','2025-06-18','IL097',118,19,'AMEET097','2025-08-04','IMEET097','2025-08-02','RQ009','Medical Emergency','assignment'),('M098','S098','Peter Webb','peter.webb@gmail.com','Computational Modelling and Programming',1,'AM020','Raymond Mckee','raymond.mckee@glasgow.ac.uk','University of Glasgow','IM002','Michael Wood','mark43@campbell-hancock.com','Deloitte UK','AP098',2,16,8,'AS098','2025-08-04',5,'C2','2025-01-25','IL098',88,20,'AMEET098','2025-08-03','IMEET098','2025-08-01','None','None','None'),('M099','S099','Christine Bartlett','christine.bartlett@gmail.com','Professional Project Management',2,'AM020','Raymond Mckee','raymond.mckee@glasgow.ac.uk','University of Glasgow','IM006','Dustin Alvarez','ngregory@tyler.com','JP Morgan Chase & Co.','AP099',1,13,11,'AS099','2025-08-05',0,'A1','2025-06-03','IL099',104,7,'AMEET099','2025-08-05','IMEET099','2025-08-04','None','None','None'),('M100','S100','Tami Harris','tami.harris@gmail.com','Professional Project Management',3,'AM019','Stephen Bryan','stephen.bryan@glasgow.ac.uk','University of Glasgow','IM018','Jamie Gordon','dean97@coleman-nelson.net','IBM UK Ltd.','AP100',2,20,6,'AS100','2025-08-04',4,'C1','2025-04-02','IL100',140,6,'AMEET100','2025-08-03','IMEET100','2025-08-04','RQ008, RQ019','Medical Emergency, Mentor Unavailability / Meeting Canceled by Mentor','assignment, meeting');
/*!40000 ALTER TABLE `master_mmms` ENABLE KEYS */;
UNLOCK TABLES;

--
-- Table structure for table `meetings`
--

DROP TABLE IF EXISTS `meetings`;
/*!40101 SET @saved_cs_client     = @@character_set_client */;
/*!50503 SET character_set_client = utf8mb4 */;
CREATE TABLE `meetings` (
  `academic_meeting_id` varchar(50) NOT NULL,
  `student_id` varchar(50) DEFAULT NULL,
  `academic_meeting_date` date DEFAULT NULL,
  `industry_meeting_id` varchar(50) DEFAULT NULL,
  `industry_meeting_date` date DEFAULT NULL,
  PRIMARY KEY (`academic_meeting_id`),
  KEY `fk_meetingstudent_id_idx` (`student_id`),
  CONSTRAINT `fk_meetingstudent_id` FOREIGN KEY (`student_id`) REFERENCES `students` (`student_id`)
) ENGINE=InnoDB DEFAULT CHARSET=utf8mb4 COLLATE=utf8mb4_0900_ai_ci;
/*!40101 SET character_set_client = @saved_cs_client */;

--
-- Dumping data for table `meetings`
--

LOCK TABLES `meetings` WRITE;
/*!40000 ALTER TABLE `meetings` DISABLE KEYS */;
INSERT INTO `meetings` VALUES ('AMEET001','S001','2025-08-01','IMEET001','2025-08-05'),('AMEET002','S002','2025-08-05','IMEET002','2025-08-03'),('AMEET003','S003','2025-08-04','IMEET003','2025-08-05'),('AMEET004','S004','2025-08-02','IMEET004','2025-08-02'),('AMEET005','S005','2025-08-01','IMEET005','2025-08-03'),('AMEET006','S006','2025-08-05','IMEET006','2025-08-02'),('AMEET007','S007','2025-08-01','IMEET007','2025-08-04'),('AMEET008','S008','2025-08-01','IMEET008','2025-08-02'),('AMEET009','S009','2025-08-03','IMEET009','2025-08-05'),('AMEET010','S010','2025-08-01','IMEET010','2025-08-05'),('AMEET011','S011','2025-08-02','IMEET011','2025-08-01'),('AMEET012','S012','2025-08-01','IMEET012','2025-08-03'),('AMEET013','S013','2025-08-03','IMEET013','2025-08-04'),('AMEET014','S014','2025-08-02','IMEET014','2025-08-05'),('AMEET015','S015','2025-08-05','IMEET015','2025-08-02'),('AMEET016','S016','2025-08-03','IMEET016','2025-08-04'),('AMEET017','S017','2025-08-03','IMEET017','2025-08-04'),('AMEET018','S018','2025-08-03','IMEET018','2025-08-01'),('AMEET019','S019','2025-08-03','IMEET019','2025-08-05'),('AMEET020','S020','2025-08-04','IMEET020','2025-08-02'),('AMEET021','S021','2025-08-04','IMEET021','2025-08-02'),('AMEET022','S022','2025-08-01','IMEET022','2025-08-04'),('AMEET023','S023','2025-08-03','IMEET023','2025-08-01'),('AMEET024','S024','2025-08-02','IMEET024','2025-08-03'),('AMEET025','S025','2025-08-05','IMEET025','2025-08-01'),('AMEET026','S026','2025-08-02','IMEET026','2025-08-04'),('AMEET027','S027','2025-08-04','IMEET027','2025-08-04'),('AMEET028','S028','2025-08-05','IMEET028','2025-08-04'),('AMEET029','S029','2025-08-04','IMEET029','2025-08-01'),('AMEET030','S030','2025-08-01','IMEET030','2025-08-04'),('AMEET031','S031','2025-08-01','IMEET031','2025-08-01'),('AMEET032','S032','2025-08-05','IMEET032','2025-08-04'),('AMEET033','S033','2025-08-02','IMEET033','2025-08-04'),('AMEET034','S034','2025-08-01','IMEET034','2025-08-01'),('AMEET035','S035','2025-08-04','IMEET035','2025-08-04'),('AMEET036','S036','2025-08-05','IMEET036','2025-08-03'),('AMEET037','S037','2025-08-02','IMEET037','2025-08-03'),('AMEET038','S038','2025-08-05','IMEET038','2025-08-04'),('AMEET039','S039','2025-08-03','IMEET039','2025-08-02'),('AMEET040','S040','2025-08-02','IMEET040','2025-08-05'),('AMEET041','S041','2025-08-02','IMEET041','2025-08-02'),('AMEET042','S042','2025-08-03','IMEET042','2025-08-02'),('AMEET043','S043','2025-08-04','IMEET043','2025-08-02'),('AMEET044','S044','2025-08-05','IMEET044','2025-08-04'),('AMEET045','S045','2025-08-01','IMEET045','2025-08-04'),('AMEET046','S046','2025-08-04','IMEET046','2025-08-04'),('AMEET047','S047','2025-08-03','IMEET047','2025-08-02'),('AMEET048','S048','2025-08-02','IMEET048','2025-08-02'),('AMEET049','S049','2025-08-04','IMEET049','2025-08-01'),('AMEET050','S050','2025-08-04','IMEET050','2025-08-04'),('AMEET051','S051','2025-08-02','IMEET051','2025-08-05'),('AMEET052','S052','2025-08-05','IMEET052','2025-08-02'),('AMEET053','S053','2025-08-03','IMEET053','2025-08-01'),('AMEET054','S054','2025-08-04','IMEET054','2025-08-05'),('AMEET055','S055','2025-08-01','IMEET055','2025-08-02'),('AMEET056','S056','2025-08-01','IMEET056','2025-08-01'),('AMEET057','S057','2025-08-01','IMEET057','2025-08-01'),('AMEET058','S058','2025-08-02','IMEET058','2025-08-02'),('AMEET059','S059','2025-08-04','IMEET059','2025-08-05'),('AMEET060','S060','2025-08-02','IMEET060','2025-08-05'),('AMEET061','S061','2025-08-01','IMEET061','2025-08-04'),('AMEET062','S062','2025-08-03','IMEET062','2025-08-01'),('AMEET063','S063','2025-08-02','IMEET063','2025-08-03'),('AMEET064','S064','2025-08-01','IMEET064','2025-08-02'),('AMEET065','S065','2025-08-03','IMEET065','2025-08-01'),('AMEET066','S066','2025-08-02','IMEET066','2025-08-02'),('AMEET067','S067','2025-08-02','IMEET067','2025-08-04'),('AMEET068','S068','2025-08-04','IMEET068','2025-08-02'),('AMEET069','S069','2025-08-04','IMEET069','2025-08-04'),('AMEET070','S070','2025-08-05','IMEET070','2025-08-04'),('AMEET071','S071','2025-08-02','IMEET071','2025-08-03'),('AMEET072','S072','2025-08-02','IMEET072','2025-08-01'),('AMEET073','S073','2025-08-02','IMEET073','2025-08-03'),('AMEET074','S074','2025-08-04','IMEET074','2025-08-02'),('AMEET075','S075','2025-08-05','IMEET075','2025-08-01'),('AMEET076','S076','2025-08-02','IMEET076','2025-08-05'),('AMEET077','S077','2025-08-04','IMEET077','2025-08-04'),('AMEET078','S078','2025-08-04','IMEET078','2025-08-03'),('AMEET079','S079','2025-08-04','IMEET079','2025-08-03'),('AMEET080','S080','2025-08-03','IMEET080','2025-08-02'),('AMEET081','S081','2025-08-03','IMEET081','2025-08-04'),('AMEET082','S082','2025-08-04','IMEET082','2025-08-04'),('AMEET083','S083','2025-08-05','IMEET083','2025-08-05'),('AMEET084','S084','2025-08-03','IMEET084','2025-08-02'),('AMEET085','S085','2025-08-04','IMEET085','2025-08-04'),('AMEET086','S086','2025-08-02','IMEET086','2025-08-04'),('AMEET087','S087','2025-08-05','IMEET087','2025-08-05'),('AMEET088','S088','2025-08-03','IMEET088','2025-08-04'),('AMEET089','S089','2025-08-03','IMEET089','2025-08-02'),('AMEET090','S090','2025-08-02','IMEET090','2025-08-04'),('AMEET091','S091','2025-08-05','IMEET091','2025-08-05'),('AMEET092','S092','2025-08-03','IMEET092','2025-08-05'),('AMEET093','S093','2025-08-05','IMEET093','2025-08-03'),('AMEET094','S094','2025-08-05','IMEET094','2025-08-02'),('AMEET095','S095','2025-08-04','IMEET095','2025-08-02'),('AMEET096','S096','2025-08-01','IMEET096','2025-08-03'),('AMEET097','S097','2025-08-04','IMEET097','2025-08-02'),('AMEET098','S098','2025-08-03','IMEET098','2025-08-01'),('AMEET099','S099','2025-08-05','IMEET099','2025-08-04'),('AMEET100','S100','2025-08-03','IMEET100','2025-08-04');
/*!40000 ALTER TABLE `meetings` ENABLE KEYS */;
UNLOCK TABLES;

--
-- Table structure for table `request`
--

DROP TABLE IF EXISTS `request`;
/*!40101 SET @saved_cs_client     = @@character_set_client */;
/*!50503 SET character_set_client = utf8mb4 */;
CREATE TABLE `request` (
  `request_id` varchar(50) NOT NULL,
  `student_id` varchar(50) DEFAULT NULL,
  `reason` text,
  `category` text,
  PRIMARY KEY (`request_id`),
  KEY `fk_request_student_id_idx` (`student_id`),
  CONSTRAINT `fk_request_student_id` FOREIGN KEY (`student_id`) REFERENCES `students` (`student_id`)
) ENGINE=InnoDB DEFAULT CHARSET=utf8mb4 COLLATE=utf8mb4_0900_ai_ci;
/*!40101 SET character_set_client = @saved_cs_client */;

--
-- Dumping data for table `request`
--

LOCK TABLES `request` WRITE;
/*!40000 ALTER TABLE `request` DISABLE KEYS */;
INSERT INTO `request` VALUES ('RQ001','S036','Family Emergency','attendance'),('RQ002','S050','Mentor Unavailability / Meeting Canceled by Mentor','meeting'),('RQ003','S028','Corporate Overwork / High Workload','attendance'),('RQ004','S020','Visa or Legal Paperwork Delays','attendance'),('RQ005','S091','Family Emergency','meeting'),('RQ006','S061','Visa or Legal Paperwork Delays','attendance'),('RQ007','S014','Mentor Unavailability / Meeting Canceled by Mentor','meeting'),('RQ008','S100','Medical Emergency','assignment'),('RQ009','S097','Medical Emergency','assignment'),('RQ010','S057','Approved Leave (Vacation, Wedding, etc.)','attendance'),('RQ011','S005','Corporate Overwork / High Workload','meeting'),('RQ012','S079','Mentor Unavailability / Meeting Canceled by Mentor','meeting'),('RQ013','S056','Corporate Overwork / High Workload','assignment'),('RQ014','S043','Family Emergency','attendance'),('RQ015','S006','Miscommunication or Delay in Assignment Communication','assignment'),('RQ016','S070','Miscommunication or Delay in Assignment Communication','assignment'),('RQ017','S092','Corporate Overwork / High Workload','meeting'),('RQ018','S032','Miscommunication or Delay in Assignment Communication','assignment'),('RQ019','S100','Mentor Unavailability / Meeting Canceled by Mentor','meeting'),('RQ020','S040','Mentor Unavailability / Meeting Canceled by Mentor','meeting'),('RQ021','S029','Approved Leave (Vacation, Wedding, etc.)','attendance'),('RQ022','S004','Family Emergency','meeting'),('RQ023','S084','Corporate Overwork / High Workload','meeting'),('RQ024','S061','Family Emergency','meeting'),('RQ025','S044','Mentor Unavailability / Meeting Canceled by Mentor','meeting'),('RQ026','S036','Extension Approved by Academic Mentor','assignment'),('RQ027','S024','Corporate Overwork / High Workload','meeting'),('RQ028','S033','Approved Leave (Vacation, Wedding, etc.)','attendance'),('RQ029','S046','Corporate Overwork / High Workload','assignment'),('RQ030','S065','Family Emergency','attendance');
/*!40000 ALTER TABLE `request` ENABLE KEYS */;
UNLOCK TABLES;

--
-- Table structure for table `students`
--

DROP TABLE IF EXISTS `students`;
/*!40101 SET @saved_cs_client     = @@character_set_client */;
/*!50503 SET character_set_client = utf8mb4 */;
CREATE TABLE `students` (
  `student_id` varchar(50) NOT NULL,
  `name` text,
  `email` varchar(50) DEFAULT NULL,
  `course` text,
  `current_year` int DEFAULT NULL,
  `academic_mentor_id` varchar(50) DEFAULT NULL,
  `industry_mentor_id` varchar(50) DEFAULT NULL,
  PRIMARY KEY (`student_id`),
  KEY `fk_academic_mentor_id_idx` (`academic_mentor_id`),
  KEY `fk_industry_mentor_id_idx` (`industry_mentor_id`),
  CONSTRAINT `fk_academic_mentor_id` FOREIGN KEY (`academic_mentor_id`) REFERENCES `academic_mentor` (`academic_mentor_id`),
  CONSTRAINT `fk_industry_mentor_id` FOREIGN KEY (`industry_mentor_id`) REFERENCES `industry_mentor` (`industry_mentor_id`)
) ENGINE=InnoDB DEFAULT CHARSET=utf8mb4 COLLATE=utf8mb4_0900_ai_ci;
/*!40101 SET character_set_client = @saved_cs_client */;

--
-- Dumping data for table `students`
--

LOCK TABLES `students` WRITE;
/*!40000 ALTER TABLE `students` DISABLE KEYS */;
INSERT INTO `students` VALUES ('S001','Lee Olson','lee.olson@gmail.com','Big Data Analysis and Visualisation',1,'AM011','IM015'),('S002','Bryan Wilkins','bryan.wilkins@gmail.com','Cybersecurity and Ethical Hacking',4,'AM009','IM019'),('S003','Aaron Beck','aaron.beck@gmail.com','Artificial Intelligence and Machine Learning',4,'AM002','IM002'),('S004','Alexander Bailey','alexander.bailey@gmail.com','Big Data Analysis and Visualisation',3,'AM001','IM012'),('S005','Meghan Garza','meghan.garza@gmail.com','Software Engineering Principles',3,'AM008','IM012'),('S006','Carlos King','carlos.king@gmail.com','Interactive Media Design',1,'AM009','IM005'),('S007','George Day','george.day@gmail.com','Software Engineering Principles',4,'AM019','IM009'),('S008','Katie Kane','katie.kane@gmail.com','Professional Project Management',4,'AM015','IM016'),('S009','Mary Wolfe','mary.wolfe@gmail.com','Research Methods in Computing',3,'AM009','IM018'),('S010','Natalie Whitaker','natalie.whitaker@gmail.com','Big Data Analysis and Visualisation',4,'AM009','IM005'),('S011','Kristin Ford','kristin.ford@gmail.com','Cybersecurity and Ethical Hacking',2,'AM005','IM003'),('S012','Nancy Wade','nancy.wade@gmail.com','Computational Modelling and Programming',1,'AM004','IM007'),('S013','Nichole Scott','nichole.scott@gmail.com','Applied Data Science',3,'AM001','IM005'),('S014','Tyler Ford','tyler.ford@gmail.com','Interactive Media Design',3,'AM019','IM018'),('S015','Kelsey Johnson','kelsey.johnson@gmail.com','Human-Centred Computing',1,'AM014','IM016'),('S016','Alisha Ayala','alisha.ayala@gmail.com','Big Data Analysis and Visualisation',1,'AM006','IM002'),('S017','Patrick Henry','patrick.henry@gmail.com','Applied Data Science',3,'AM008','IM003'),('S018','Catherine Mccarty','catherine.mccarty@gmail.com','Applied Data Science',3,'AM020','IM018'),('S019','Ricky Benson','ricky.benson@gmail.com','Artificial Intelligence and Machine Learning',2,'AM017','IM002'),('S020','Calvin Fisher','calvin.fisher@gmail.com','Business Intelligence and Strategy',3,'AM003','IM008'),('S021','Samantha Roberts DDS','samantha.roberts.dds@gmail.com','Artificial Intelligence and Machine Learning',2,'AM017','IM017'),('S022','Christopher Lopez','christopher.lopez@gmail.com','Applied Data Science',4,'AM009','IM013'),('S023','Christopher Brooks','christopher.brooks@gmail.com','Information Systems Management',4,'AM008','IM015'),('S024','Jimmy Parker','jimmy.parker@gmail.com','Big Data Analysis and Visualisation',2,'AM001','IM009'),('S025','Sandra Young','sandra.young@gmail.com','Information Systems Management',1,'AM016','IM005'),('S026','Angela Haley','angela.haley@gmail.com','Computational Modelling and Programming',3,'AM017','IM003'),('S027','Matthew Myers','matthew.myers@gmail.com','Interactive Media Design',1,'AM003','IM005'),('S028','Randy Perez','randy.perez@gmail.com','Computational Modelling and Programming',2,'AM009','IM001'),('S029','Kevin Bautista','kevin.bautista@gmail.com','Information Systems Management',3,'AM012','IM015'),('S030','Jeffrey Turner','jeffrey.turner@gmail.com','Artificial Intelligence and Machine Learning',3,'AM008','IM014'),('S031','Samuel Thompson','samuel.thompson@gmail.com','Professional Project Management',2,'AM010','IM018'),('S032','Sarah Peters','sarah.peters@gmail.com','Cybersecurity and Ethical Hacking',4,'AM018','IM018'),('S033','Jessica Martinez','jessica.martinez@gmail.com','Information Systems Management',1,'AM007','IM018'),('S034','Cynthia Bowen','cynthia.bowen@gmail.com','Business Intelligence and Strategy',2,'AM017','IM011'),('S035','Julie Foley','julie.foley@gmail.com','Research Methods in Computing',1,'AM005','IM007'),('S036','Luke Jackson','luke.jackson@gmail.com','Business Intelligence and Strategy',3,'AM015','IM013'),('S037','Terri Williams','terri.williams@gmail.com','Business Intelligence and Strategy',3,'AM015','IM004'),('S038','Jasmine Lewis','jasmine.lewis@gmail.com','Big Data Analysis and Visualisation',1,'AM006','IM003'),('S039','Troy Cook','troy.cook@gmail.com','Human-Centred Computing',1,'AM004','IM009'),('S040','Sylvia Ibarra','sylvia.ibarra@gmail.com','Big Data Analysis and Visualisation',4,'AM001','IM011'),('S041','Theresa Morris','theresa.morris@gmail.com','Big Data Analysis and Visualisation',3,'AM009','IM017'),('S042','Mark Thompson','mark.thompson@gmail.com','Big Data Analysis and Visualisation',1,'AM018','IM001'),('S043','Kerri Sullivan','kerri.sullivan@gmail.com','Human-Centred Computing',2,'AM019','IM014'),('S044','Julie Mason','julie.mason@gmail.com','Information Systems Management',1,'AM005','IM018'),('S045','Kevin Moore','kevin.moore@gmail.com','Cybersecurity and Ethical Hacking',4,'AM012','IM012'),('S046','Jacqueline Cannon','jacqueline.cannon@gmail.com','Professional Project Management',2,'AM006','IM019'),('S047','Joshua Paul','joshua.paul@gmail.com','Applied Data Science',1,'AM018','IM010'),('S048','Brenda Mcdaniel','brenda.mcdaniel@gmail.com','Software Engineering Principles',3,'AM005','IM011'),('S049','Linda Brown','linda.brown@gmail.com','Information Systems Management',2,'AM019','IM010'),('S050','Desiree Carter','desiree.carter@gmail.com','Business Intelligence and Strategy',1,'AM016','IM018'),('S051','James Jensen','james.jensen@gmail.com','Artificial Intelligence and Machine Learning',3,'AM004','IM011'),('S052','Tammy Davis','tammy.davis@gmail.com','Interactive Media Design',2,'AM016','IM001'),('S053','Cody Stokes','cody.stokes@gmail.com','Research Methods in Computing',3,'AM011','IM017'),('S054','Marcus Carter','marcus.carter@gmail.com','Artificial Intelligence and Machine Learning',3,'AM020','IM012'),('S055','Jacob Sanchez','jacob.sanchez@gmail.com','Applied Data Science',3,'AM019','IM007'),('S056','Belinda Davidson','belinda.davidson@gmail.com','Applied Data Science',2,'AM015','IM016'),('S057','Jeffrey Wiggins','jeffrey.wiggins@gmail.com','Cybersecurity and Ethical Hacking',3,'AM006','IM019'),('S058','Jacob Vazquez','jacob.vazquez@gmail.com','Big Data Analysis and Visualisation',2,'AM011','IM009'),('S059','James Fry','james.fry@gmail.com','Computational Modelling and Programming',1,'AM019','IM004'),('S060','Tom Deleon','tom.deleon@gmail.com','Software Engineering Principles',1,'AM020','IM001'),('S061','Thomas Weeks','thomas.weeks@gmail.com','Computational Modelling and Programming',3,'AM006','IM011'),('S062','Nicolas Williams','nicolas.williams@gmail.com','Artificial Intelligence and Machine Learning',2,'AM006','IM006'),('S063','Kimberly Jones','kimberly.jones@gmail.com','Information Systems Management',2,'AM017','IM010'),('S064','Lisa Ruiz','lisa.ruiz@gmail.com','Software Engineering Principles',1,'AM012','IM003'),('S065','Amy Williams','amy.williams@gmail.com','Computational Modelling and Programming',1,'AM005','IM013'),('S066','Kelly Avila','kelly.avila@gmail.com','Professional Project Management',3,'AM009','IM009'),('S067','Deborah Nash','deborah.nash@gmail.com','Applied Data Science',1,'AM011','IM020'),('S068','Kristin Cochran','kristin.cochran@gmail.com','Applied Data Science',4,'AM016','IM009'),('S069','Benjamin Payne','benjamin.payne@gmail.com','Interactive Media Design',3,'AM014','IM001'),('S070','Jaime Jackson','jaime.jackson@gmail.com','Human-Centred Computing',3,'AM011','IM007'),('S071','Jennifer Mcdonald','jennifer.mcdonald@gmail.com','Information Systems Management',4,'AM004','IM015'),('S072','Jason Myers','jason.myers@gmail.com','Software Engineering Principles',4,'AM008','IM005'),('S073','Catherine Wong','catherine.wong@gmail.com','Research Methods in Computing',4,'AM005','IM010'),('S074','Charles Wilson','charles.wilson@gmail.com','Applied Data Science',4,'AM001','IM011'),('S075','Alec Rose','alec.rose@gmail.com','Artificial Intelligence and Machine Learning',4,'AM005','IM019'),('S076','Isaiah Chavez','isaiah.chavez@gmail.com','Business Intelligence and Strategy',1,'AM018','IM004'),('S077','Dana Terrell','dana.terrell@gmail.com','Research Methods in Computing',2,'AM019','IM016'),('S078','Connie Howard','connie.howard@gmail.com','Software Engineering Principles',2,'AM006','IM007'),('S079','John Gonzalez','john.gonzalez@gmail.com','Interactive Media Design',2,'AM020','IM005'),('S080','Lori Smith','lori.smith@gmail.com','Research Methods in Computing',2,'AM014','IM019'),('S081','Eileen Torres','eileen.torres@gmail.com','Applied Data Science',4,'AM001','IM003'),('S082','Jessica Butler','jessica.butler@gmail.com','Business Intelligence and Strategy',4,'AM006','IM004'),('S083','Jeffrey Mcdowell','jeffrey.mcdowell@gmail.com','Artificial Intelligence and Machine Learning',4,'AM011','IM015'),('S084','Jodi Patel','jodi.patel@gmail.com','Human-Centred Computing',2,'AM020','IM018'),('S085','Laura Price','laura.price@gmail.com','Information Systems Management',3,'AM002','IM004'),('S086','Sandra Moore','sandra.moore@gmail.com','Computational Modelling and Programming',1,'AM011','IM001'),('S087','Andrew Berry','andrew.berry@gmail.com','Computational Modelling and Programming',1,'AM007','IM012'),('S088','Gavin Davis','gavin.davis@gmail.com','Interactive Media Design',1,'AM017','IM002'),('S089','Kimberly Curry','kimberly.curry@gmail.com','Artificial Intelligence and Machine Learning',3,'AM019','IM012'),('S090','Jeanette Powell','jeanette.powell@gmail.com','Research Methods in Computing',3,'AM005','IM020'),('S091','Jessica Skinner','jessica.skinner@gmail.com','Computational Modelling and Programming',3,'AM020','IM020'),('S092','Deborah Hogan','deborah.hogan@gmail.com','Cybersecurity and Ethical Hacking',4,'AM016','IM001'),('S093','Carla Ross','carla.ross@gmail.com','Applied Data Science',2,'AM002','IM018'),('S094','Thomas Simmons','thomas.simmons@gmail.com','Business Intelligence and Strategy',3,'AM020','IM006'),('S095','Nancy Harris','nancy.harris@gmail.com','Software Engineering Principles',4,'AM003','IM020'),('S096','Daniel Winters','daniel.winters@gmail.com','Professional Project Management',1,'AM019','IM017'),('S097','Michele Phillips','michele.phillips@gmail.com','Software Engineering Principles',4,'AM003','IM007'),('S098','Peter Webb','peter.webb@gmail.com','Computational Modelling and Programming',1,'AM020','IM002'),('S099','Christine Bartlett','christine.bartlett@gmail.com','Professional Project Management',2,'AM020','IM006'),('S100','Tami Harris','tami.harris@gmail.com','Professional Project Management',3,'AM019','IM018');
/*!40000 ALTER TABLE `students` ENABLE KEYS */;
UNLOCK TABLES;
/*!40103 SET TIME_ZONE=@OLD_TIME_ZONE */;

/*!40101 SET SQL_MODE=@OLD_SQL_MODE */;
/*!40014 SET FOREIGN_KEY_CHECKS=@OLD_FOREIGN_KEY_CHECKS */;
/*!40014 SET UNIQUE_CHECKS=@OLD_UNIQUE_CHECKS */;
/*!40101 SET CHARACTER_SET_CLIENT=@OLD_CHARACTER_SET_CLIENT */;
/*!40101 SET CHARACTER_SET_RESULTS=@OLD_CHARACTER_SET_RESULTS */;
/*!40101 SET COLLATION_CONNECTION=@OLD_COLLATION_CONNECTION */;
/*!40111 SET SQL_NOTES=@OLD_SQL_NOTES */;

-- Dump completed on 2025-08-06 14:15:50
