-- MySQL dump 10.13  Distrib 8.0.42, for Win64 (x86_64)
--
-- Host: localhost    Database: master_db
-- ------------------------------------------------------
-- Server version	8.0.42

/*!40101 SET @OLD_CHARACTER_SET_CLIENT=@@CHARACTER_SET_CLIENT */;
/*!40101 SET @OLD_CHARACTER_SET_RESULTS=@@CHARACTER_SET_RESULTS */;
/*!40101 SET @OLD_COLLATION_CONNECTION=@@COLLATION_CONNECTION */;
/*!50503 SET NAMES utf8 */;
/*!40103 SET @OLD_TIME_ZONE=@@TIME_ZONE */;
/*!40103 SET TIME_ZONE='+00:00' */;
/*!40014 SET @OLD_UNIQUE_CHECKS=@@UNIQUE_CHECKS, UNIQUE_CHECKS=0 */;
/*!40014 SET @OLD_FOREIGN_KEY_CHECKS=@@FOREIGN_KEY_CHECKS, FOREIGN_KEY_CHECKS=0 */;
/*!40101 SET @OLD_SQL_MODE=@@SQL_MODE, SQL_MODE='NO_AUTO_VALUE_ON_ZERO' */;
/*!40111 SET @OLD_SQL_NOTES=@@SQL_NOTES, SQL_NOTES=0 */;

--
-- Table structure for table `academic_mentor`
--

DROP TABLE IF EXISTS `academic_mentor`;
/*!40101 SET @saved_cs_client     = @@character_set_client */;
/*!50503 SET character_set_client = utf8mb4 */;
CREATE TABLE `academic_mentor` (
  `academic_mentor_id` varchar(50) NOT NULL,
  `name` text,
  `email` varchar(50) DEFAULT NULL,
  `university` text,
  PRIMARY KEY (`academic_mentor_id`)
) ENGINE=InnoDB DEFAULT CHARSET=utf8mb4 COLLATE=utf8mb4_0900_ai_ci;
/*!40101 SET character_set_client = @saved_cs_client */;

--
-- Dumping data for table `academic_mentor`
--

LOCK TABLES `academic_mentor` WRITE;
/*!40000 ALTER TABLE `academic_mentor` DISABLE KEYS */;
INSERT INTO `academic_mentor` VALUES ('AM001','Mark Franklin','mark.franklin@dundee.ac.uk','University of Dundee'),('AM002','Paul Lawson','paul.lawson@glasgow.ac.uk','University of Glasgow'),('AM003','Matthew Holland','matthew.holland@edinburgh.ac.uk','University of Edinburgh'),('AM004','Sherry Grant','sherry.grant@glasgow.ac.uk','University of Glasgow'),('AM005','Jennifer Miller','jennifer.miller@glasgow.ac.uk','University of Glasgow'),('AM006','Scott Wallace','scott.wallace@edinburgh.ac.uk','University of Edinburgh'),('AM007','Carol Bell','carol.bell@glasgow.ac.uk','University of Glasgow'),('AM008','Dan Taylor','dan.taylor@glasgow.ac.uk','University of Glasgow'),('AM009','Katelyn Williams','katelyn.williams@edinburgh.ac.uk','University of Edinburgh'),('AM010','Frank Peters PhD','frank.peters.phd@dundee.ac.uk','University of Dundee'),('AM011','Mary Harris','mary.harris@dundee.ac.uk','University of Dundee'),('AM012','Kathryn Gomez','kathryn.gomez@glasgow.ac.uk','University of Glasgow'),('AM013','Monica Ward','monica.ward@dundee.ac.uk','University of Dundee'),('AM014','Christopher Woodard','christopher.woodard@dundee.ac.uk','University of Dundee'),('AM015','Linda Wright','linda.wright@edinburgh.ac.uk','University of Edinburgh'),('AM016','Dr. Mark Gutierrez','mark.gutierrez@glasgow.ac.uk','University of Glasgow'),('AM017','Dr. Kathy Davis','kathy.davis@dundee.ac.uk','University of Dundee'),('AM018','Kent Brown','kent.brown@dundee.ac.uk','University of Dundee'),('AM019','Michelle Rogers','michelle.rogers@edinburgh.ac.uk','University of Edinburgh'),('AM020','Crystal Graham','crystal.graham@edinburgh.ac.uk','University of Edinburgh');
/*!40000 ALTER TABLE `academic_mentor` ENABLE KEYS */;
UNLOCK TABLES;

--
-- Table structure for table `academic_progress`
--

DROP TABLE IF EXISTS `academic_progress`;
/*!40101 SET @saved_cs_client     = @@character_set_client */;
/*!50503 SET character_set_client = utf8mb4 */;
CREATE TABLE `academic_progress` (
  `academic_progress_id` varchar(50) NOT NULL,
  `student_id` varchar(50) DEFAULT NULL,
  `number_of_courses` int DEFAULT NULL,
  `academic_percentage` int DEFAULT NULL,
  `assignment_grade` varchar(50) DEFAULT NULL,
  `total_required_attendance` int DEFAULT NULL,
  `classes_attended` int DEFAULT NULL,
  PRIMARY KEY (`academic_progress_id`),
  KEY `fk_academic_progress_student` (`student_id`),
  CONSTRAINT `fk_academic_progress_student` FOREIGN KEY (`student_id`) REFERENCES `students` (`student_id`) ON DELETE CASCADE ON UPDATE CASCADE
) ENGINE=InnoDB DEFAULT CHARSET=utf8mb4 COLLATE=utf8mb4_0900_ai_ci;
/*!40101 SET character_set_client = @saved_cs_client */;

--
-- Dumping data for table `academic_progress`
--

LOCK TABLES `academic_progress` WRITE;
/*!40000 ALTER TABLE `academic_progress` DISABLE KEYS */;
/*!40000 ALTER TABLE `academic_progress` ENABLE KEYS */;
UNLOCK TABLES;

--
-- Table structure for table `assignment`
--

DROP TABLE IF EXISTS `assignment`;
/*!40101 SET @saved_cs_client     = @@character_set_client */;
/*!50503 SET character_set_client = utf8mb4 */;
CREATE TABLE `assignment` (
  `assignment_id` varchar(50) NOT NULL,
  `student_id` varchar(50) DEFAULT NULL,
  `submission_date` date DEFAULT NULL,
  `submitted_date` date DEFAULT NULL,
  `assignment_grades` varchar(50) DEFAULT NULL,
  PRIMARY KEY (`assignment_id`),
  KEY `fk_assignment_student_id_idx` (`student_id`),
  CONSTRAINT `fk_assignment_student` FOREIGN KEY (`student_id`) REFERENCES `students` (`student_id`) ON DELETE CASCADE ON UPDATE CASCADE
) ENGINE=InnoDB DEFAULT CHARSET=utf8mb4 COLLATE=utf8mb4_0900_ai_ci;
/*!40101 SET character_set_client = @saved_cs_client */;

--
-- Dumping data for table `assignment`
--

LOCK TABLES `assignment` WRITE;
/*!40000 ALTER TABLE `assignment` DISABLE KEYS */;
INSERT INTO `assignment` VALUES ('AS001','S001','2025-06-17','2025-06-19','B1'),('AS002','S002','2025-06-17','2025-06-23','Fail'),('AS003','S003','2025-06-17','2025-06-20','B2'),('AS004','S004','2025-06-17','2025-06-21','C1'),('AS005','S005','2025-06-17','2025-06-21','C1'),('AS006','S006','2025-06-17','2025-06-21','C1'),('AS007','S007','2025-06-17','2025-06-22','C2'),('AS008','S008','2025-06-17','2025-06-21','C1'),('AS009','S009','2025-06-17','2025-06-17','A1'),('AS010','S010','2025-06-17','2025-06-21','C1'),('AS011','S011','2025-06-17','2025-06-21','C1'),('AS012','S012','2025-06-17','2025-06-19','B1'),('AS013','S013','2025-06-17','2025-06-19','B1'),('AS014','S014','2025-06-17','2025-06-20','B2'),('AS015','S015','2025-06-17','2025-06-18','A2'),('AS016','S016','2025-06-17','2025-06-21','C1'),('AS017','S017','2025-06-17','2025-06-21','C1'),('AS018','S018','2025-06-17','2025-06-22','C2'),('AS019','S019','2025-06-17','2025-06-20','B2'),('AS020','S020','2025-06-17','2025-06-17','A1'),('AS021','S021','2025-06-17','2025-06-17','A1'),('AS022','S022','2025-06-17','2025-06-19','B1'),('AS023','S023','2025-06-17','2025-06-17','A1'),('AS024','S024','2025-06-17','2025-06-23','Fail'),('AS025','S025','2025-06-17','2025-06-21','C1'),('AS026','S026','2025-06-17','2025-06-17','A1'),('AS027','S027','2025-06-17','2025-06-22','C2'),('AS028','S028','2025-06-17','2025-06-20','B2'),('AS029','S029','2025-06-17','2025-06-20','B2'),('AS030','S030','2025-06-17','2025-06-21','C1'),('AS031','S031','2025-06-17','2025-06-21','C1'),('AS032','S032','2025-06-17','2025-06-22','C2'),('AS033','S033','2025-06-17','2025-06-17','A1'),('AS034','S034','2025-06-17','2025-06-23','Fail'),('AS035','S035','2025-06-17','2025-06-17','A1'),('AS036','S036','2025-06-17','2025-06-17','A1'),('AS037','S037','2025-06-17','2025-06-22','C2'),('AS038','S038','2025-06-17','2025-06-23','Fail'),('AS039','S039','2025-06-17','2025-06-21','C1'),('AS040','S040','2025-06-17','2025-06-21','C1'),('AS041','S041','2025-06-17','2025-06-23','Fail'),('AS042','S042','2025-06-17','2025-06-23','Fail'),('AS043','S043','2025-06-17','2025-06-21','C1'),('AS044','S044','2025-06-17','2025-06-19','B1'),('AS045','S045','2025-06-17','2025-06-17','A1'),('AS046','S046','2025-06-17','2025-06-20','B2'),('AS047','S047','2025-06-17','2025-06-19','B1'),('AS048','S048','2025-06-17','2025-06-23','Fail'),('AS049','S049','2025-06-17','2025-06-19','B1'),('AS050','S050','2025-06-17','2025-06-18','A2'),('AS051','S051','2025-06-17','2025-06-19','B1'),('AS052','S052','2025-06-17','2025-06-18','A2'),('AS053','S053','2025-06-17','2025-06-19','B1'),('AS054','S054','2025-06-17','2025-06-17','A1'),('AS055','S055','2025-06-17','2025-06-21','C1'),('AS056','S056','2025-06-17','2025-06-19','B1'),('AS057','S057','2025-06-17','2025-06-18','A2'),('AS058','S058','2025-06-17','2025-06-17','A1'),('AS059','S059','2025-06-17','2025-06-22','C2'),('AS060','S060','2025-06-17','2025-06-23','Fail'),('AS061','S061','2025-06-17','2025-06-19','B1'),('AS062','S062','2025-06-17','2025-06-21','C1'),('AS063','S063','2025-06-17','2025-06-17','A1'),('AS064','S064','2025-06-17','2025-06-23','Fail'),('AS065','S065','2025-06-17','2025-06-17','A1'),('AS066','S066','2025-06-17','2025-06-18','A2'),('AS067','S067','2025-06-17','2025-06-22','C2'),('AS068','S068','2025-06-17','2025-06-20','B2'),('AS069','S069','2025-06-17','2025-06-19','B1'),('AS070','S070','2025-06-17','2025-06-18','A2'),('AS071','S071','2025-06-17','2025-06-20','B2'),('AS072','S072','2025-06-17','2025-06-18','A2'),('AS073','S073','2025-06-17','2025-06-20','B2'),('AS074','S074','2025-06-17','2025-06-17','A1'),('AS075','S075','2025-06-17','2025-06-22','C2'),('AS076','S076','2025-06-17','2025-06-18','A2'),('AS077','S077','2025-06-17','2025-06-22','C2'),('AS078','S078','2025-06-17','2025-06-23','Fail'),('AS079','S079','2025-06-17','2025-06-20','B2'),('AS080','S080','2025-06-17','2025-06-23','Fail'),('AS081','S081','2025-06-17','2025-06-21','C1'),('AS082','S082','2025-06-17','2025-06-22','C2'),('AS083','S083','2025-06-17','2025-06-20','B2'),('AS084','S084','2025-06-17','2025-06-19','B1'),('AS085','S085','2025-06-17','2025-06-23','Fail'),('AS086','S086','2025-06-17','2025-06-18','A2'),('AS087','S087','2025-06-17','2025-06-21','C1'),('AS088','S088','2025-06-17','2025-06-18','A2'),('AS089','S089','2025-06-17','2025-06-22','C2'),('AS090','S090','2025-06-17','2025-06-19','B1'),('AS091','S091','2025-06-17','2025-06-17','A1'),('AS092','S092','2025-06-17','2025-06-18','A2'),('AS093','S093','2025-06-17','2025-06-22','C2'),('AS094','S094','2025-06-17','2025-06-21','C1'),('AS095','S095','2025-06-17','2025-06-17','A1'),('AS096','S096','2025-06-17','2025-06-21','C1'),('AS097','S097','2025-06-17','2025-06-20','B2'),('AS098','S098','2025-06-17','2025-06-22','C2'),('AS099','S099','2025-06-17','2025-06-20','B2'),('AS100','S100','2025-06-17','2025-06-17','A1');
/*!40000 ALTER TABLE `assignment` ENABLE KEYS */;
UNLOCK TABLES;

--
-- Table structure for table `industry_mentor`
--

DROP TABLE IF EXISTS `industry_mentor`;
/*!40101 SET @saved_cs_client     = @@character_set_client */;
/*!50503 SET character_set_client = utf8mb4 */;
CREATE TABLE `industry_mentor` (
  `industry_mentor_id` varchar(50) NOT NULL,
  `name` text,
  `email` varchar(50) DEFAULT NULL,
  `employer` text,
  PRIMARY KEY (`industry_mentor_id`)
) ENGINE=InnoDB DEFAULT CHARSET=utf8mb4 COLLATE=utf8mb4_0900_ai_ci;
/*!40101 SET character_set_client = @saved_cs_client */;

--
-- Dumping data for table `industry_mentor`
--

LOCK TABLES `industry_mentor` WRITE;
/*!40000 ALTER TABLE `industry_mentor` DISABLE KEYS */;
INSERT INTO `industry_mentor` VALUES ('IM001','Thomas Salazar','kristy50@johnson-perkins.info','Deloitte UK'),('IM002','Nicole Nguyen','mbradshaw@west.biz','Barclays Technology Centre'),('IM003','Leslie Gray','johnsonrobert@franklin.info','Deloitte UK'),('IM004','Kelly Armstrong','jonesmatthew@fuller-kim.net','BAE Systems Applied Intelligence'),('IM005','Lauren Campbell','michelle38@walsh.com','Morgan Stanley'),('IM006','Alexander Bruce','gbuckley@shaw.net','Accenture Scotland'),('IM007','Kayla Lewis','kevin06@glover.com','Barclays Technology Centre'),('IM008','Scott Pena','kbrown@gonzalez.com','BAE Systems Applied Intelligence'),('IM009','Carla Brooks','nhayes@lucero.org','Accenture Scotland'),('IM010','Benjamin Hale','tylerdiaz@hall.biz','Skyscanner'),('IM011','Jeffrey Wallace','keyjason@jones.com','Accenture Scotland'),('IM012','Ryan Herrera','bradley46@george.info','Tata Consultancy Services'),('IM013','Jacob Perez','melissa54@dodson.biz','Barclays Technology Centre'),('IM014','Dana Gutierrez','jonathan23@sexton.com','Tata Consultancy Services'),('IM015','Thomas Estrada','sheribaker@george.com','JP Morgan Chase & Co.'),('IM016','Johnny Graves','kingapril@watkins.info','Tata Consultancy Services'),('IM017','David Callahan','acolon@lloyd.net','Deloitte UK'),('IM018','Andrea Bonilla MD','levinebilly@booth.com','Skyscanner'),('IM019','Diamond Owens','qdaniels@burns.org','Barclays Technology Centre'),('IM020','Jeffrey Russo','nleon@hall.com','Deloitte UK');
/*!40000 ALTER TABLE `industry_mentor` ENABLE KEYS */;
UNLOCK TABLES;

--
-- Table structure for table `industry_progress`
--

DROP TABLE IF EXISTS `industry_progress`;
/*!40101 SET @saved_cs_client     = @@character_set_client */;
/*!50503 SET character_set_client = utf8mb4 */;
CREATE TABLE `industry_progress` (
  `industry_id` varchar(50) NOT NULL,
  `student_id` varchar(50) DEFAULT NULL,
  `hours_per_week` int DEFAULT NULL,
  `no_of_tasks` int DEFAULT NULL,
  PRIMARY KEY (`industry_id`),
  KEY `fk_industry_progress_student` (`student_id`),
  CONSTRAINT `fk_industry_progress_student` FOREIGN KEY (`student_id`) REFERENCES `students` (`student_id`) ON DELETE CASCADE ON UPDATE CASCADE
) ENGINE=InnoDB DEFAULT CHARSET=utf8mb4 COLLATE=utf8mb4_0900_ai_ci;
/*!40101 SET character_set_client = @saved_cs_client */;

--
-- Dumping data for table `industry_progress`
--

LOCK TABLES `industry_progress` WRITE;
/*!40000 ALTER TABLE `industry_progress` DISABLE KEYS */;
INSERT INTO `industry_progress` VALUES ('IL001','S001',149,16),('IL002','S002',64,8),('IL003','S003',90,7),('IL004','S004',96,19),('IL005','S005',137,6),('IL006','S006',91,20),('IL007','S007',120,5),('IL008','S008',113,16),('IL009','S009',118,20),('IL010','S010',140,9),('IL011','S011',69,5),('IL012','S012',128,5),('IL013','S013',91,8),('IL014','S014',84,9),('IL015','S015',103,8),('IL016','S016',132,6),('IL017','S017',133,9),('IL018','S018',149,8),('IL019','S019',148,10),('IL020','S020',120,8),('IL021','S021',122,20),('IL022','S022',87,5),('IL023','S023',88,8),('IL024','S024',70,14),('IL025','S025',129,10),('IL026','S026',139,5),('IL027','S027',119,17),('IL028','S028',70,6),('IL029','S029',89,16),('IL030','S030',73,8),('IL031','S031',106,16),('IL032','S032',147,15),('IL033','S033',117,17),('IL034','S034',61,9),('IL035','S035',135,6),('IL036','S036',138,11),('IL037','S037',69,8),('IL038','S038',110,7),('IL039','S039',85,11),('IL040','S040',116,9),('IL041','S041',141,9),('IL042','S042',105,14),('IL043','S043',124,12),('IL044','S044',148,5),('IL045','S045',67,12),('IL046','S046',150,14),('IL047','S047',90,15),('IL048','S048',95,7),('IL049','S049',83,7),('IL050','S050',92,13),('IL051','S051',79,10),('IL052','S052',84,11),('IL053','S053',122,13),('IL054','S054',150,12),('IL055','S055',68,6),('IL056','S056',100,9),('IL057','S057',147,12),('IL058','S058',81,17),('IL059','S059',67,18),('IL060','S060',148,12),('IL061','S061',68,20),('IL062','S062',64,7),('IL063','S063',111,17),('IL064','S064',82,9),('IL065','S065',101,15),('IL066','S066',93,18),('IL067','S067',136,11),('IL068','S068',131,6),('IL069','S069',87,19),('IL070','S070',88,9),('IL071','S071',71,16),('IL072','S072',115,7),('IL073','S073',70,7),('IL074','S074',79,7),('IL075','S075',84,11),('IL076','S076',96,6),('IL077','S077',150,15),('IL078','S078',84,18),('IL079','S079',105,20),('IL080','S080',90,20),('IL081','S081',131,13),('IL082','S082',89,11),('IL083','S083',104,19),('IL084','S084',124,14),('IL085','S085',62,8),('IL086','S086',67,13),('IL087','S087',127,17),('IL088','S088',91,5),('IL089','S089',103,7),('IL090','S090',88,19),('IL091','S091',130,13),('IL092','S092',141,20),('IL093','S093',81,17),('IL094','S094',70,17),('IL095','S095',71,15),('IL096','S096',61,12),('IL097','S097',95,5),('IL098','S098',65,9),('IL099','S099',93,10),('IL100','S100',74,12);
/*!40000 ALTER TABLE `industry_progress` ENABLE KEYS */;
UNLOCK TABLES;

--
-- Table structure for table `master_mmms`
--

DROP TABLE IF EXISTS `master_mmms`;
/*!40101 SET @saved_cs_client     = @@character_set_client */;
/*!50503 SET character_set_client = utf8mb4 */;
CREATE TABLE `master_mmms` (
  `master_id` varchar(10) NOT NULL,
  `student_id` varchar(50) DEFAULT NULL,
  `name` text,
  `email` varchar(50) DEFAULT NULL,
  `course` text,
  `current_year` int DEFAULT NULL,
  `term_start_date` date DEFAULT NULL,
  `term_end_date` date DEFAULT NULL,
  `academic_mentor_id` varchar(50) DEFAULT NULL,
  `academic_mentor_name` text,
  `academic_mentor_email` varchar(50) DEFAULT NULL,
  `academic_mentor_university` text,
  `industry_mentor_id` varchar(50) DEFAULT NULL,
  `industry_mentor_name` text,
  `industry_mentor_email` varchar(50) DEFAULT NULL,
  `industry_mentor_employer` text,
  `academic_progress_id` varchar(50) DEFAULT NULL,
  `number_of_courses` int DEFAULT NULL,
  `total_required_attendance` int DEFAULT NULL,
  `classes_attended` int DEFAULT NULL,
  `assignment_id` varchar(50) DEFAULT NULL,
  `submission_date` date DEFAULT NULL,
  `submitted_date` date DEFAULT NULL,
  `assignment_grades` varchar(50) DEFAULT NULL,
  `industry_id` varchar(50) DEFAULT NULL,
  `hours_per_week` int DEFAULT NULL,
  `no_of_tasks` int DEFAULT NULL,
  `academic_meeting_id` varchar(50) DEFAULT NULL,
  `academic_meeting_date` date DEFAULT NULL,
  `industry_meeting_id` varchar(50) DEFAULT NULL,
  `industry_meeting_date` date DEFAULT NULL,
  `request_id` varchar(50) DEFAULT NULL,
  `num_mitigation_requests` int DEFAULT NULL,
  `reason` text,
  `category` text,
  PRIMARY KEY (`master_id`),
  KEY `fk_request_id_idx` (`request_id`),
  KEY `student_id_fk_idx` (`student_id`),
  CONSTRAINT `student_id_fk` FOREIGN KEY (`student_id`) REFERENCES `students` (`student_id`)
) ENGINE=InnoDB DEFAULT CHARSET=utf8mb4 COLLATE=utf8mb4_0900_ai_ci;
/*!40101 SET character_set_client = @saved_cs_client */;

--
-- Dumping data for table `master_mmms`
--

LOCK TABLES `master_mmms` WRITE;
/*!40000 ALTER TABLE `master_mmms` DISABLE KEYS */;
INSERT INTO `master_mmms` VALUES ('00MS1','S001','Robert Kennedy','robert.kennedy@gmail.com','Human-Centred Computing',3,'2025-04-01','2025-06-24','AM015','Linda Wright','linda.wright@edinburgh.ac.uk','University of Edinburgh','IM014','Dana Gutierrez','jonathan23@sexton.com','Tata Consultancy Services','AP001',1,15,11,'AS001','2025-06-17','2025-06-19','B1','IL001',149,16,'AMEET001','2025-06-20','No Meeting',NULL,'RQ001, RQ002, RQ003',3,'Miscommunication or Delay in Assignment Communication, Corporate Overwork / High Workload, Miscommunication or Delay in Assignment Communication','assignment, assignment, assignment'),('00MS2','S002','Melissa Holden','melissa.holden@gmail.com','Applied Data Science',4,'2025-04-01','2025-06-24','AM019','Michelle Rogers','michelle.rogers@edinburgh.ac.uk','University of Edinburgh','IM005','Lauren Campbell','michelle38@walsh.com','Morgan Stanley','AP002',3,30,24,'AS002','2025-06-17','2025-06-23','Fail','IL002',64,8,'AMEET002','2025-07-12','IMEET002','2025-07-15','None',0,'None','None'),('00MS3','S003','Brenda Jacobs','brenda.jacobs@gmail.com','Computational Modelling and Programming',3,'2025-04-01','2025-06-24','AM019','Michelle Rogers','michelle.rogers@edinburgh.ac.uk','University of Edinburgh','IM013','Jacob Perez','melissa54@dodson.biz','Barclays Technology Centre','AP003',3,24,12,'AS003','2025-06-17','2025-06-20','B2','IL003',90,7,'No Meeting',NULL,'No Meeting',NULL,'None',0,'None','None'),('00MS4','S004','Daniel Olson','daniel.olson@gmail.com','Software Engineering Principles',1,'2025-04-01','2025-06-24','AM001','Mark Franklin','mark.franklin@dundee.ac.uk','University of Dundee','IM020','Jeffrey Russo','nleon@hall.com','Deloitte UK','AP004',3,24,20,'AS004','2025-06-17','2025-06-21','C1','IL004',96,19,'AMEET004','2025-07-02','No Meeting',NULL,'RQ004, RQ005, RQ006, RQ007',4,'Mental Health Leave / Counselling, Family Emergency, Medical Emergency, Miscommunication or Delay in Assignment Communication','attendance, assignment, assignment, assignment'),('00MS5','S005','Crystal Arias','crystal.arias@gmail.com','Cybersecurity and Ethical Hacking',3,'2025-04-01','2025-06-24','AM014','Christopher Woodard','christopher.woodard@dundee.ac.uk','University of Dundee','IM002','Nicole Nguyen','mbradshaw@west.biz','Barclays Technology Centre','AP005',3,30,24,'AS005','2025-06-17','2025-06-21','C1','IL005',137,6,'AMEET005','2025-06-28','No Meeting',NULL,'RQ008, RQ009',2,'Visa or Legal Paperwork Delays, Approved Leave (Vacation, Wedding, etc.)','attendance, attendance'),('00MS6','S006','Jose Bailey','jose.bailey@gmail.com','Software Engineering Principles',1,'2025-04-01','2025-06-24','AM008','Dan Taylor','dan.taylor@glasgow.ac.uk','University of Glasgow','IM010','Benjamin Hale','tylerdiaz@hall.biz','Skyscanner','AP006',3,30,21,'AS006','2025-06-17','2025-06-21','C1','IL006',91,20,'AMEET006','2025-02-16','IMEET006',NULL,'RQ010, RQ011',2,'Corporate Overwork / High Workload, Family Emergency','assignment, attendance'),('00MS7','S007','Christopher Simon','christopher.simon@gmail.com','Business Intelligence and Strategy',1,'2025-04-01','2025-06-24','AM001','Mark Franklin','mark.franklin@dundee.ac.uk','University of Dundee','IM006','Alexander Bruce','gbuckley@shaw.net','Accenture Scotland','AP007',1,8,4,'AS007','2025-06-17','2025-06-22','C2','IL007',120,5,'No Meeting',NULL,'IMEET007','2025-06-07','None',0,'None','None'),('00MS8','S008','Amy Holder','amy.holder@gmail.com','Information Systems Management',2,'2025-04-01','2025-06-24','AM017','Dr. Kathy Davis','kathy.davis@dundee.ac.uk','University of Dundee','IM011','Jeffrey Wallace','keyjason@jones.com','Accenture Scotland','AP008',2,16,14,'AS008','2025-06-17','2025-06-21','C1','IL008',113,16,'AMEET008','2025-03-17','No Meeting',NULL,'RQ012, RQ013',2,'Family Emergency, Medical Emergency','assignment, attendance'),('00MS9','S009','Angela Stewart','angela.stewart@gmail.com','Software Engineering Principles',3,'2025-04-01','2025-06-24','AM018','Kent Brown','kent.brown@dundee.ac.uk','University of Dundee','IM016','Johnny Graves','kingapril@watkins.info','Tata Consultancy Services','AP009',3,24,17,'AS009','2025-06-17','2025-06-17','A1','IL009',118,20,'AMEET009',NULL,'No Meeting',NULL,'RQ014, RQ015, RQ016',3,'Family Emergency, Mental Health Leave / Counselling, Medical Emergency','assignment, attendance, assignment'),('0MS10','S010','Daniel Johnson','daniel.johnson@gmail.com','Interactive Media Design',2,'2025-04-01','2025-06-24','AM013','Monica Ward','monica.ward@dundee.ac.uk','University of Dundee','IM010','Benjamin Hale','tylerdiaz@hall.biz','Skyscanner','AP010',3,24,21,'AS010','2025-06-17','2025-06-21','C1','IL010',140,9,'AMEET010','2025-07-23','No Meeting',NULL,'RQ017, RQ018, RQ019, RQ020',4,'Extension Approved by Academic Mentor, Family Emergency, Corporate Overwork / High Workload, Corporate Overwork / High Workload','assignment, meeting, attendance, attendance'),('0MS11','S011','Melissa Willis','melissa.willis@gmail.com','Software Engineering Principles',4,'2025-04-01','2025-06-24','AM013','Monica Ward','monica.ward@dundee.ac.uk','University of Dundee','IM003','Leslie Gray','johnsonrobert@franklin.info','Deloitte UK','AP011',1,9,8,'AS011','2025-06-17','2025-06-21','C1','IL011',69,5,'No Meeting',NULL,'No Meeting',NULL,'RQ021, RQ022',2,'Mental Health Leave / Counselling, Medical Emergency','attendance, attendance'),('0MS12','S012','Tina Mitchell','tina.mitchell@gmail.com','Applied Data Science',4,'2025-04-01','2025-06-24','AM015','Linda Wright','linda.wright@edinburgh.ac.uk','University of Edinburgh','IM001','Thomas Salazar','kristy50@johnson-perkins.info','Deloitte UK','AP012',1,11,9,'AS012','2025-06-17','2025-06-19','B1','IL012',128,5,'AMEET012','2025-02-23','No Meeting',NULL,'None',0,'None','None'),('0MS13','S013','David Allen','david.allen@gmail.com','Big Data Analysis and Visualisation',1,'2025-04-01','2025-06-24','AM004','Sherry Grant','sherry.grant@glasgow.ac.uk','University of Glasgow','IM012','Ryan Herrera','bradley46@george.info','Tata Consultancy Services','AP013',1,8,8,'AS013','2025-06-17','2025-06-19','B1','IL013',91,8,'AMEET013','2025-05-01','IMEET013','2025-02-24','RQ023',1,'Extension Approved by Academic Mentor','assignment'),('0MS14','S014','Nicholas Haynes','nicholas.haynes@gmail.com','Big Data Analysis and Visualisation',1,'2025-04-01','2025-06-24','AM019','Michelle Rogers','michelle.rogers@edinburgh.ac.uk','University of Edinburgh','IM009','Carla Brooks','nhayes@lucero.org','Accenture Scotland','AP014',1,10,8,'AS014','2025-06-17','2025-06-20','B2','IL014',84,9,'No Meeting',NULL,'No Meeting',NULL,'RQ024',1,'Mental Health Leave / Counselling','attendance'),('0MS15','S015','Anthony Kelly','anthony.kelly@gmail.com','Computational Modelling and Programming',1,'2025-04-01','2025-06-24','AM002','Paul Lawson','paul.lawson@glasgow.ac.uk','University of Glasgow','IM011','Jeffrey Wallace','keyjason@jones.com','Accenture Scotland','AP015',2,28,20,'AS015','2025-06-17','2025-06-18','A2','IL015',103,8,'AMEET015',NULL,'IMEET015',NULL,'None',0,'None','None'),('0MS16','S016','Daniel Webb','daniel.webb@gmail.com','Artificial Intelligence and Machine Learning',2,'2025-04-01','2025-06-24','AM001','Mark Franklin','mark.franklin@dundee.ac.uk','University of Dundee','IM011','Jeffrey Wallace','keyjason@jones.com','Accenture Scotland','AP016',1,9,6,'AS016','2025-06-17','2025-06-21','C1','IL016',132,6,'No Meeting',NULL,'No Meeting',NULL,'None',0,'None','None'),('0MS17','S017','Barbara Ramirez','barbara.ramirez@gmail.com','Artificial Intelligence and Machine Learning',4,'2025-04-01','2025-06-24','AM017','Dr. Kathy Davis','kathy.davis@dundee.ac.uk','University of Dundee','IM017','David Callahan','acolon@lloyd.net','Deloitte UK','AP017',2,22,16,'AS017','2025-06-17','2025-06-21','C1','IL017',133,9,'No Meeting',NULL,'IMEET017','2025-03-14','RQ025, RQ026, RQ027, RQ028',4,'Family Emergency, Medical Emergency, Family Emergency, Mental Health Leave / Counselling','attendance, attendance, assignment, attendance'),('0MS18','S018','Dawn Williams','dawn.williams@gmail.com','Professional Project Management',1,'2025-04-01','2025-06-24','AM015','Linda Wright','linda.wright@edinburgh.ac.uk','University of Edinburgh','IM015','Thomas Estrada','sheribaker@george.com','JP Morgan Chase & Co.','AP018',2,16,12,'AS018','2025-06-17','2025-06-22','C2','IL018',149,8,'No Meeting',NULL,'No Meeting',NULL,'None',0,'None','None'),('0MS19','S019','Lori Ford','lori.ford@gmail.com','Interactive Media Design',4,'2025-04-01','2025-06-24','AM006','Scott Wallace','scott.wallace@edinburgh.ac.uk','University of Edinburgh','IM007','Kayla Lewis','kevin06@glover.com','Barclays Technology Centre','AP019',3,27,20,'AS019','2025-06-17','2025-06-20','B2','IL019',148,10,'AMEET019',NULL,'IMEET019','2025-06-23','RQ029, RQ030, RQ031',3,'Corporate Overwork / High Workload, Medical Emergency, Corporate Overwork / High Workload','attendance, assignment, assignment'),('0MS20','S020','Brenda Rush','brenda.rush@gmail.com','Applied Data Science',2,'2025-04-01','2025-06-24','AM004','Sherry Grant','sherry.grant@glasgow.ac.uk','University of Glasgow','IM014','Dana Gutierrez','jonathan23@sexton.com','Tata Consultancy Services','AP020',1,13,6,'AS020','2025-06-17','2025-06-17','A1','IL020',120,8,'AMEET020',NULL,'No Meeting',NULL,'RQ032, RQ033, RQ034, RQ035',4,'Miscommunication or Delay in Assignment Communication, Medical Emergency, Mental Health Leave / Counselling, Miscommunication or Delay in Assignment Communication','assignment, meeting, attendance, assignment'),('0MS21','S021','Wanda Evans','wanda.evans@gmail.com','Human-Centred Computing',3,'2025-04-01','2025-06-24','AM015','Linda Wright','linda.wright@edinburgh.ac.uk','University of Edinburgh','IM020','Jeffrey Russo','nleon@hall.com','Deloitte UK','AP021',1,11,8,'AS021','2025-06-17','2025-06-17','A1','IL021',122,20,'AMEET021','2025-07-30','IMEET021','2025-06-29','RQ036, RQ037, RQ038, RQ039',4,'Family Emergency, Approved Leave (Vacation, Wedding, etc.), Approved Leave (Vacation, Wedding, etc.), Mental Health Leave / Counselling','assignment, attendance, attendance, attendance'),('0MS22','S022','Margaret Rose','margaret.rose@gmail.com','Artificial Intelligence and Machine Learning',1,'2025-04-01','2025-06-24','AM016','Dr. Mark Gutierrez','mark.gutierrez@glasgow.ac.uk','University of Glasgow','IM003','Leslie Gray','johnsonrobert@franklin.info','Deloitte UK','AP022',1,14,12,'AS022','2025-06-17','2025-06-19','B1','IL022',87,5,'AMEET022','2025-05-14','IMEET022','2025-05-12','RQ040, RQ041',2,'Corporate Overwork / High Workload, Extension Approved by Academic Mentor','meeting, assignment'),('0MS23','S023','Rebecca Chen','rebecca.chen@gmail.com','Computational Modelling and Programming',4,'2025-04-01','2025-06-24','AM015','Linda Wright','linda.wright@edinburgh.ac.uk','University of Edinburgh','IM008','Scott Pena','kbrown@gonzalez.com','BAE Systems Applied Intelligence','AP023',3,27,21,'AS023','2025-06-17','2025-06-17','A1','IL023',88,8,'AMEET023','2025-02-16','No Meeting',NULL,'RQ042, RQ043, RQ044',3,'Visa or Legal Paperwork Delays, Approved Leave (Vacation, Wedding, etc.), Medical Emergency','attendance, attendance, assignment'),('0MS24','S024','David Sanchez DDS','david.sanchez.dds@gmail.com','Software Engineering Principles',2,'2025-04-01','2025-06-24','AM014','Christopher Woodard','christopher.woodard@dundee.ac.uk','University of Dundee','IM018','Andrea Bonilla MD','levinebilly@booth.com','Skyscanner','AP024',3,42,26,'AS024','2025-06-17','2025-06-23','Fail','IL024',70,14,'No Meeting',NULL,'No Meeting',NULL,'RQ045',1,'Corporate Overwork / High Workload','assignment'),('0MS25','S025','Linda Craig','linda.craig@gmail.com','Business Intelligence and Strategy',1,'2025-04-01','2025-06-24','AM020','Crystal Graham','crystal.graham@edinburgh.ac.uk','University of Edinburgh','IM014','Dana Gutierrez','jonathan23@sexton.com','Tata Consultancy Services','AP025',3,39,31,'AS025','2025-06-17','2025-06-21','C1','IL025',129,10,'AMEET025',NULL,'No Meeting',NULL,'RQ046, RQ047, RQ048',3,'Medical Emergency, Family Emergency, Medical Emergency','attendance, attendance, attendance'),('0MS26','S026','Ryan Taylor','ryan.taylor@gmail.com','Interactive Media Design',2,'2025-04-01','2025-06-24','AM002','Paul Lawson','paul.lawson@glasgow.ac.uk','University of Glasgow','IM010','Benjamin Hale','tylerdiaz@hall.biz','Skyscanner','AP026',1,10,5,'AS026','2025-06-17','2025-06-17','A1','IL026',139,5,'AMEET026','2025-02-25','No Meeting',NULL,'RQ049',1,'Corporate Overwork / High Workload','meeting'),('0MS27','S027','Leslie Burnett MD','leslie.burnett.md@gmail.com','Computational Modelling and Programming',2,'2025-04-01','2025-06-24','AM014','Christopher Woodard','christopher.woodard@dundee.ac.uk','University of Dundee','IM005','Lauren Campbell','michelle38@walsh.com','Morgan Stanley','AP027',2,16,12,'AS027','2025-06-17','2025-06-22','C2','IL027',119,17,'AMEET027','2025-05-09','IMEET027','2025-04-24','RQ050, RQ051, RQ052',3,'Family Emergency, Family Emergency, Family Emergency','assignment, meeting, meeting'),('0MS28','S028','Brady Vance','brady.vance@gmail.com','Cybersecurity and Ethical Hacking',4,'2025-04-01','2025-06-24','AM009','Katelyn Williams','katelyn.williams@edinburgh.ac.uk','University of Edinburgh','IM010','Benjamin Hale','tylerdiaz@hall.biz','Skyscanner','AP028',2,28,15,'AS028','2025-06-17','2025-06-20','B2','IL028',70,6,'AMEET028','2025-04-18','IMEET028',NULL,'RQ053, RQ054',2,'Mentor Unavailability / Meeting Canceled by Mentor, Miscommunication or Delay in Assignment Communication','meeting, assignment'),('0MS29','S029','Michael Henderson','michael.henderson@gmail.com','Software Engineering Principles',2,'2025-04-01','2025-06-24','AM017','Dr. Kathy Davis','kathy.davis@dundee.ac.uk','University of Dundee','IM020','Jeffrey Russo','nleon@hall.com','Deloitte UK','AP029',1,8,6,'AS029','2025-06-17','2025-06-20','B2','IL029',89,16,'No Meeting',NULL,'No Meeting',NULL,'RQ055, RQ056',2,'Corporate Overwork / High Workload, Corporate Overwork / High Workload','meeting, assignment'),('0MS30','S030','William Smith','william.smith@gmail.com','Professional Project Management',1,'2025-04-01','2025-06-24','AM009','Katelyn Williams','katelyn.williams@edinburgh.ac.uk','University of Edinburgh','IM019','Diamond Owens','qdaniels@burns.org','Barclays Technology Centre','AP030',3,39,33,'AS030','2025-06-17','2025-06-21','C1','IL030',73,8,'No Meeting',NULL,'IMEET030','2025-06-11','RQ057',1,'Extension Approved by Academic Mentor','assignment'),('0MS31','S031','Jesse Martin','jesse.martin@gmail.com','Applied Data Science',2,'2025-04-01','2025-06-24','AM005','Jennifer Miller','jennifer.miller@glasgow.ac.uk','University of Glasgow','IM018','Andrea Bonilla MD','levinebilly@booth.com','Skyscanner','AP031',3,30,24,'AS031','2025-06-17','2025-06-21','C1','IL031',106,16,'AMEET031','2025-04-16','IMEET031','2025-04-13','None',0,'None','None'),('0MS32','S032','James Burton','james.burton@gmail.com','Information Systems Management',4,'2025-04-01','2025-06-24','AM004','Sherry Grant','sherry.grant@glasgow.ac.uk','University of Glasgow','IM019','Diamond Owens','qdaniels@burns.org','Barclays Technology Centre','AP032',2,28,25,'AS032','2025-06-17','2025-06-22','C2','IL032',147,15,'AMEET032','2025-07-07','No Meeting',NULL,'RQ058, RQ059, RQ060',3,'Approved Leave (Vacation, Wedding, etc.), Family Emergency, Extension Approved by Academic Mentor','attendance, meeting, assignment'),('0MS33','S033','Kelly Gould','kelly.gould@gmail.com','Professional Project Management',4,'2025-04-01','2025-06-24','AM001','Mark Franklin','mark.franklin@dundee.ac.uk','University of Dundee','IM005','Lauren Campbell','michelle38@walsh.com','Morgan Stanley','AP033',3,27,19,'AS033','2025-06-17','2025-06-17','A1','IL033',117,17,'No Meeting',NULL,'No Meeting',NULL,'RQ061, RQ062, RQ063',3,'Family Emergency, Medical Emergency, Mentor Unavailability / Meeting Canceled by Mentor','attendance, meeting, meeting'),('0MS34','S034','Richard Weaver','richard.weaver@gmail.com','Cybersecurity and Ethical Hacking',3,'2025-04-01','2025-06-24','AM012','Kathryn Gomez','kathryn.gomez@glasgow.ac.uk','University of Glasgow','IM016','Johnny Graves','kingapril@watkins.info','Tata Consultancy Services','AP034',3,30,15,'AS034','2025-06-17','2025-06-23','Fail','IL034',61,9,'AMEET034','2025-05-12','IMEET034','2025-05-30','RQ064, RQ065',2,'Family Emergency, Corporate Overwork / High Workload','assignment, meeting'),('0MS35','S035','Brittany Saunders','brittany.saunders@gmail.com','Information Systems Management',2,'2025-04-01','2025-06-24','AM014','Christopher Woodard','christopher.woodard@dundee.ac.uk','University of Dundee','IM020','Jeffrey Russo','nleon@hall.com','Deloitte UK','AP035',1,12,10,'AS035','2025-06-17','2025-06-17','A1','IL035',135,6,'No Meeting',NULL,'IMEET035','2025-02-14','RQ066',1,'Medical Emergency','meeting'),('0MS36','S036','Steven Santiago Jr.','steven.santiago.jr.@gmail.com','Cybersecurity and Ethical Hacking',2,'2025-04-01','2025-06-24','AM019','Michelle Rogers','michelle.rogers@edinburgh.ac.uk','University of Edinburgh','IM020','Jeffrey Russo','nleon@hall.com','Deloitte UK','AP036',1,10,4,'AS036','2025-06-17','2025-06-17','A1','IL036',138,11,'AMEET036','2025-07-31','IMEET036','2025-03-25','RQ067',1,'Family Emergency','attendance'),('0MS37','S037','Sarah Jones','sarah.jones@gmail.com','Cybersecurity and Ethical Hacking',4,'2025-04-01','2025-06-24','AM015','Linda Wright','linda.wright@edinburgh.ac.uk','University of Edinburgh','IM013','Jacob Perez','melissa54@dodson.biz','Barclays Technology Centre','AP037',1,14,9,'AS037','2025-06-17','2025-06-22','C2','IL037',69,8,'No Meeting',NULL,'IMEET037','2025-06-24','RQ068',1,'Extension Approved by Academic Mentor','assignment'),('0MS38','S038','Donald Wong','donald.wong@gmail.com','Business Intelligence and Strategy',1,'2025-04-01','2025-06-24','AM020','Crystal Graham','crystal.graham@edinburgh.ac.uk','University of Edinburgh','IM003','Leslie Gray','johnsonrobert@franklin.info','Deloitte UK','AP038',2,26,19,'AS038','2025-06-17','2025-06-23','Fail','IL038',110,7,'AMEET038','2025-05-13','IMEET038','2025-07-26','RQ069, RQ070, RQ071, RQ072',4,'Corporate Overwork / High Workload, Corporate Overwork / High Workload, Mental Health Leave / Counselling, Miscommunication or Delay in Assignment Communication','meeting, attendance, attendance, assignment'),('0MS39','S039','Melinda Oconnor','melinda.oconnor@gmail.com','Human-Centred Computing',4,'2025-04-01','2025-06-24','AM005','Jennifer Miller','jennifer.miller@glasgow.ac.uk','University of Glasgow','IM014','Dana Gutierrez','jonathan23@sexton.com','Tata Consultancy Services','AP039',3,24,15,'AS039','2025-06-17','2025-06-21','C1','IL039',85,11,'No Meeting',NULL,'No Meeting',NULL,'None',0,'None','None'),('0MS40','S040','Jasmine Hansen','jasmine.hansen@gmail.com','Computational Modelling and Programming',2,'2025-04-01','2025-06-24','AM016','Dr. Mark Gutierrez','mark.gutierrez@glasgow.ac.uk','University of Glasgow','IM020','Jeffrey Russo','nleon@hall.com','Deloitte UK','AP040',3,27,13,'AS040','2025-06-17','2025-06-21','C1','IL040',116,9,'AMEET040','2025-06-05','IMEET040','2025-02-25','RQ073, RQ074, RQ075',3,'Corporate Overwork / High Workload, Medical Emergency, Approved Leave (Vacation, Wedding, etc.)','meeting, meeting, attendance'),('0MS41','S041','Angelica Johnson','angelica.johnson@gmail.com','Professional Project Management',1,'2025-04-01','2025-06-24','AM006','Scott Wallace','scott.wallace@edinburgh.ac.uk','University of Edinburgh','IM002','Nicole Nguyen','mbradshaw@west.biz','Barclays Technology Centre','AP041',3,30,25,'AS041','2025-06-17','2025-06-23','Fail','IL041',141,9,'No Meeting',NULL,'IMEET041',NULL,'None',0,'None','None'),('0MS42','S042','Paul Richards','paul.richards@gmail.com','Professional Project Management',2,'2025-04-01','2025-06-24','AM005','Jennifer Miller','jennifer.miller@glasgow.ac.uk','University of Glasgow','IM007','Kayla Lewis','kevin06@glover.com','Barclays Technology Centre','AP042',3,45,38,'AS042','2025-06-17','2025-06-23','Fail','IL042',105,14,'AMEET042','2025-05-23','IMEET042',NULL,'RQ076, RQ077, RQ078',3,'Family Emergency, Corporate Overwork / High Workload, Family Emergency','meeting, assignment, attendance'),('0MS43','S043','Jeffrey Bender','jeffrey.bender@gmail.com','Research Methods in Computing',1,'2025-04-01','2025-06-24','AM013','Monica Ward','monica.ward@dundee.ac.uk','University of Dundee','IM012','Ryan Herrera','bradley46@george.info','Tata Consultancy Services','AP043',3,30,27,'AS043','2025-06-17','2025-06-21','C1','IL043',124,12,'AMEET043','2025-04-11','No Meeting',NULL,'None',0,'None','None'),('0MS44','S044','Bruce Mendez','bruce.mendez@gmail.com','Business Intelligence and Strategy',1,'2025-04-01','2025-06-24','AM005','Jennifer Miller','jennifer.miller@glasgow.ac.uk','University of Glasgow','IM008','Scott Pena','kbrown@gonzalez.com','BAE Systems Applied Intelligence','AP044',2,18,14,'AS044','2025-06-17','2025-06-19','B1','IL044',148,5,'AMEET044','2025-07-21','IMEET044','2025-02-25','None',0,'None','None'),('0MS45','S045','David Floyd','david.floyd@gmail.com','Software Engineering Principles',4,'2025-04-01','2025-06-24','AM015','Linda Wright','linda.wright@edinburgh.ac.uk','University of Edinburgh','IM016','Johnny Graves','kingapril@watkins.info','Tata Consultancy Services','AP045',1,13,9,'AS045','2025-06-17','2025-06-17','A1','IL045',67,12,'AMEET045','2025-07-23','IMEET045','2025-04-09','RQ079, RQ080, RQ081, RQ082',4,'Corporate Overwork / High Workload, Medical Emergency, Corporate Overwork / High Workload, Corporate Overwork / High Workload','assignment, meeting, attendance, attendance'),('0MS46','S046','Kenneth Lara','kenneth.lara@gmail.com','Interactive Media Design',1,'2025-04-01','2025-06-24','AM008','Dan Taylor','dan.taylor@glasgow.ac.uk','University of Glasgow','IM019','Diamond Owens','qdaniels@burns.org','Barclays Technology Centre','AP046',3,45,30,'AS046','2025-06-17','2025-06-20','B2','IL046',150,14,'AMEET046','2025-05-25','No Meeting',NULL,'RQ083',1,'Family Emergency','meeting'),('0MS47','S047','Regina Allen','regina.allen@gmail.com','Professional Project Management',1,'2025-04-01','2025-06-24','AM018','Kent Brown','kent.brown@dundee.ac.uk','University of Dundee','IM005','Lauren Campbell','michelle38@walsh.com','Morgan Stanley','AP047',2,28,18,'AS047','2025-06-17','2025-06-19','B1','IL047',90,15,'No Meeting',NULL,'IMEET047','2025-05-31','RQ084, RQ085, RQ086, RQ087',4,'Extension Approved by Academic Mentor, Mentor Unavailability / Meeting Canceled by Mentor, Family Emergency, Corporate Overwork / High Workload','assignment, meeting, attendance, meeting'),('0MS48','S048','Jenny Ferguson','jenny.ferguson@gmail.com','Research Methods in Computing',3,'2025-04-01','2025-06-24','AM007','Carol Bell','carol.bell@glasgow.ac.uk','University of Glasgow','IM006','Alexander Bruce','gbuckley@shaw.net','Accenture Scotland','AP048',1,14,10,'AS048','2025-06-17','2025-06-23','Fail','IL048',95,7,'No Meeting',NULL,'No Meeting',NULL,'None',0,'None','None'),('0MS49','S049','Patrick Barnes','patrick.barnes@gmail.com','Artificial Intelligence and Machine Learning',4,'2025-04-01','2025-06-24','AM010','Frank Peters PhD','frank.peters.phd@dundee.ac.uk','University of Dundee','IM001','Thomas Salazar','kristy50@johnson-perkins.info','Deloitte UK','AP049',3,42,38,'AS049','2025-06-17','2025-06-19','B1','IL049',83,7,'AMEET049','2025-05-19','IMEET049',NULL,'RQ088, RQ089, RQ090',3,'Medical Emergency, Corporate Overwork / High Workload, Corporate Overwork / High Workload','attendance, assignment, meeting'),('0MS50','S050','William Davidson','william.davidson@gmail.com','Business Intelligence and Strategy',4,'2025-04-01','2025-06-24','AM017','Dr. Kathy Davis','kathy.davis@dundee.ac.uk','University of Dundee','IM010','Benjamin Hale','tylerdiaz@hall.biz','Skyscanner','AP050',3,33,22,'AS050','2025-06-17','2025-06-18','A2','IL050',92,13,'AMEET050','2025-04-04','IMEET050',NULL,'RQ091, RQ092',2,'Visa or Legal Paperwork Delays, Medical Emergency','attendance, meeting'),('0MS51','S051','Tony Davis','tony.davis@gmail.com','Business Intelligence and Strategy',4,'2025-04-01','2025-06-24','AM017','Dr. Kathy Davis','kathy.davis@dundee.ac.uk','University of Dundee','IM011','Jeffrey Wallace','keyjason@jones.com','Accenture Scotland','AP051',2,18,16,'AS051','2025-06-17','2025-06-19','B1','IL051',79,10,'AMEET051','2025-07-07','No Meeting',NULL,'None',0,'None','None'),('0MS52','S052','Lisa Malone','lisa.malone@gmail.com','Information Systems Management',3,'2025-04-01','2025-06-24','AM008','Dan Taylor','dan.taylor@glasgow.ac.uk','University of Glasgow','IM003','Leslie Gray','johnsonrobert@franklin.info','Deloitte UK','AP052',2,18,14,'AS052','2025-06-17','2025-06-18','A2','IL052',84,11,'AMEET052','2025-03-12','IMEET052','2025-03-06','RQ093, RQ094, RQ095',3,'Extension Approved by Academic Mentor, Medical Emergency, Mentor Unavailability / Meeting Canceled by Mentor','assignment, assignment, meeting'),('0MS53','S053','Willie Clayton','willie.clayton@gmail.com','Research Methods in Computing',2,'2025-04-01','2025-06-24','AM003','Matthew Holland','matthew.holland@edinburgh.ac.uk','University of Edinburgh','IM006','Alexander Bruce','gbuckley@shaw.net','Accenture Scotland','AP053',1,13,7,'AS053','2025-06-17','2025-06-19','B1','IL053',122,13,'No Meeting',NULL,'IMEET053','2025-06-11','None',0,'None','None'),('0MS54','S054','Amy Gay','amy.gay@gmail.com','Computational Modelling and Programming',4,'2025-04-01','2025-06-24','AM016','Dr. Mark Gutierrez','mark.gutierrez@glasgow.ac.uk','University of Glasgow','IM011','Jeffrey Wallace','keyjason@jones.com','Accenture Scotland','AP054',2,18,14,'AS054','2025-06-17','2025-06-17','A1','IL054',150,12,'AMEET054','2025-07-30','IMEET054','2025-04-21','RQ096, RQ097',2,'Medical Emergency, Family Emergency','attendance, assignment'),('0MS55','S055','William Jimenez','william.jimenez@gmail.com','Human-Centred Computing',1,'2025-04-01','2025-06-24','AM009','Katelyn Williams','katelyn.williams@edinburgh.ac.uk','University of Edinburgh','IM018','Andrea Bonilla MD','levinebilly@booth.com','Skyscanner','AP055',3,36,32,'AS055','2025-06-17','2025-06-21','C1','IL055',68,6,'AMEET055','2025-07-20','IMEET055','2025-04-28','None',0,'None','None'),('0MS56','S056','Lisa Taylor','lisa.taylor@gmail.com','Software Engineering Principles',4,'2025-04-01','2025-06-24','AM013','Monica Ward','monica.ward@dundee.ac.uk','University of Dundee','IM014','Dana Gutierrez','jonathan23@sexton.com','Tata Consultancy Services','AP056',3,24,14,'AS056','2025-06-17','2025-06-19','B1','IL056',100,9,'No Meeting',NULL,'No Meeting',NULL,'None',0,'None','None'),('0MS57','S057','Sydney Cohen','sydney.cohen@gmail.com','Research Methods in Computing',4,'2025-04-01','2025-06-24','AM014','Christopher Woodard','christopher.woodard@dundee.ac.uk','University of Dundee','IM004','Kelly Armstrong','jonesmatthew@fuller-kim.net','BAE Systems Applied Intelligence','AP057',3,27,18,'AS057','2025-06-17','2025-06-18','A2','IL057',147,12,'AMEET057','2025-07-30','No Meeting',NULL,'RQ098, RQ099, RQ100',3,'Approved Leave (Vacation, Wedding, etc.), Miscommunication or Delay in Assignment Communication, Medical Emergency','attendance, assignment, meeting'),('0MS58','S058','Shawn Grant','shawn.grant@gmail.com','Software Engineering Principles',1,'2025-04-01','2025-06-24','AM016','Dr. Mark Gutierrez','mark.gutierrez@glasgow.ac.uk','University of Glasgow','IM011','Jeffrey Wallace','keyjason@jones.com','Accenture Scotland','AP058',1,11,7,'AS058','2025-06-17','2025-06-17','A1','IL058',81,17,'AMEET058','2025-05-14','No Meeting',NULL,'RQ101, RQ102, RQ103, RQ104',4,'Mentor Unavailability / Meeting Canceled by Mentor, Corporate Overwork / High Workload, Corporate Overwork / High Workload, Mentor Unavailability / Meeting Canceled by Mentor','meeting, meeting, meeting, meeting'),('0MS59','S059','Alison Harris','alison.harris@gmail.com','Research Methods in Computing',2,'2025-04-01','2025-06-24','AM005','Jennifer Miller','jennifer.miller@glasgow.ac.uk','University of Glasgow','IM010','Benjamin Hale','tylerdiaz@hall.biz','Skyscanner','AP059',1,13,8,'AS059','2025-06-17','2025-06-22','C2','IL059',67,18,'AMEET059','2025-06-13','IMEET059','2025-04-03','RQ105, RQ106, RQ107, RQ108',4,'Family Emergency, Approved Leave (Vacation, Wedding, etc.), Medical Emergency, Extension Approved by Academic Mentor','attendance, attendance, attendance, assignment'),('0MS60','S060','Valerie Ashley','valerie.ashley@gmail.com','Professional Project Management',1,'2025-04-01','2025-06-24','AM015','Linda Wright','linda.wright@edinburgh.ac.uk','University of Edinburgh','IM004','Kelly Armstrong','jonesmatthew@fuller-kim.net','BAE Systems Applied Intelligence','AP060',3,42,35,'AS060','2025-06-17','2025-06-23','Fail','IL060',148,12,'No Meeting',NULL,'IMEET060',NULL,'RQ109, RQ110',2,'Corporate Overwork / High Workload, Corporate Overwork / High Workload','attendance, assignment'),('0MS61','S061','Kim Brewer','kim.brewer@gmail.com','Research Methods in Computing',4,'2025-04-01','2025-06-24','AM015','Linda Wright','linda.wright@edinburgh.ac.uk','University of Edinburgh','IM012','Ryan Herrera','bradley46@george.info','Tata Consultancy Services','AP061',2,22,13,'AS061','2025-06-17','2025-06-19','B1','IL061',68,20,'AMEET061','2025-05-28','IMEET061','2025-05-31','None',0,'None','None'),('0MS62','S062','Joshua Erickson','joshua.erickson@gmail.com','Research Methods in Computing',3,'2025-04-01','2025-06-24','AM007','Carol Bell','carol.bell@glasgow.ac.uk','University of Glasgow','IM001','Thomas Salazar','kristy50@johnson-perkins.info','Deloitte UK','AP062',2,26,21,'AS062','2025-06-17','2025-06-21','C1','IL062',64,7,'AMEET062',NULL,'IMEET062','2025-04-21','None',0,'None','None'),('0MS63','S063','Michael Hahn','michael.hahn@gmail.com','Information Systems Management',3,'2025-04-01','2025-06-24','AM004','Sherry Grant','sherry.grant@glasgow.ac.uk','University of Glasgow','IM004','Kelly Armstrong','jonesmatthew@fuller-kim.net','BAE Systems Applied Intelligence','AP063',3,42,32,'AS063','2025-06-17','2025-06-17','A1','IL063',111,17,'No Meeting',NULL,'No Meeting',NULL,'RQ111, RQ112, RQ113, RQ114',4,'Extension Approved by Academic Mentor, Miscommunication or Delay in Assignment Communication, Mental Health Leave / Counselling, Corporate Overwork / High Workload','assignment, assignment, attendance, assignment'),('0MS64','S064','Matthew Contreras','matthew.contreras@gmail.com','Interactive Media Design',2,'2025-04-01','2025-06-24','AM009','Katelyn Williams','katelyn.williams@edinburgh.ac.uk','University of Edinburgh','IM011','Jeffrey Wallace','keyjason@jones.com','Accenture Scotland','AP064',1,11,6,'AS064','2025-06-17','2025-06-23','Fail','IL064',82,9,'AMEET064','2025-03-03','IMEET064','2025-04-13','RQ115, RQ116, RQ117, RQ118',4,'Miscommunication or Delay in Assignment Communication, Extension Approved by Academic Mentor, Corporate Overwork / High Workload, Corporate Overwork / High Workload','assignment, assignment, meeting, attendance'),('0MS65','S065','Jocelyn Schaefer','jocelyn.schaefer@gmail.com','Human-Centred Computing',4,'2025-04-01','2025-06-24','AM010','Frank Peters PhD','frank.peters.phd@dundee.ac.uk','University of Dundee','IM005','Lauren Campbell','michelle38@walsh.com','Morgan Stanley','AP065',1,11,10,'AS065','2025-06-17','2025-06-17','A1','IL065',101,15,'AMEET065','2025-02-13','IMEET065','2025-06-04','RQ119, RQ120, RQ121',3,'Corporate Overwork / High Workload, Visa or Legal Paperwork Delays, Corporate Overwork / High Workload','attendance, attendance, attendance'),('0MS66','S066','Kari Mcclure','kari.mcclure@gmail.com','Professional Project Management',1,'2025-04-01','2025-06-24','AM017','Dr. Kathy Davis','kathy.davis@dundee.ac.uk','University of Dundee','IM012','Ryan Herrera','bradley46@george.info','Tata Consultancy Services','AP066',2,26,23,'AS066','2025-06-17','2025-06-18','A2','IL066',93,18,'No Meeting',NULL,'IMEET066','2025-06-05','RQ122',1,'Family Emergency','assignment'),('0MS67','S067','Denise Williams','denise.williams@gmail.com','Computational Modelling and Programming',1,'2025-04-01','2025-06-24','AM017','Dr. Kathy Davis','kathy.davis@dundee.ac.uk','University of Dundee','IM005','Lauren Campbell','michelle38@walsh.com','Morgan Stanley','AP067',2,28,21,'AS067','2025-06-17','2025-06-22','C2','IL067',136,11,'AMEET067','2025-06-15','IMEET067',NULL,'None',0,'None','None'),('0MS68','S068','Adrienne Mccormick','adrienne.mccormick@gmail.com','Business Intelligence and Strategy',3,'2025-04-01','2025-06-24','AM018','Kent Brown','kent.brown@dundee.ac.uk','University of Dundee','IM003','Leslie Gray','johnsonrobert@franklin.info','Deloitte UK','AP068',3,36,32,'AS068','2025-06-17','2025-06-20','B2','IL068',131,6,'AMEET068',NULL,'No Meeting',NULL,'RQ123, RQ124, RQ125, RQ126',4,'Approved Leave (Vacation, Wedding, etc.), Corporate Overwork / High Workload, Visa or Legal Paperwork Delays, Visa or Legal Paperwork Delays','attendance, meeting, attendance, attendance'),('0MS69','S069','Jennifer Hill','jennifer.hill@gmail.com','Business Intelligence and Strategy',1,'2025-04-01','2025-06-24','AM009','Katelyn Williams','katelyn.williams@edinburgh.ac.uk','University of Edinburgh','IM008','Scott Pena','kbrown@gonzalez.com','BAE Systems Applied Intelligence','AP069',1,12,7,'AS069','2025-06-17','2025-06-19','B1','IL069',87,19,'AMEET069','2025-04-24','No Meeting',NULL,'None',0,'None','None'),('0MS70','S070','Tiffany Kemp','tiffany.kemp@gmail.com','Cybersecurity and Ethical Hacking',1,'2025-04-01','2025-06-24','AM018','Kent Brown','kent.brown@dundee.ac.uk','University of Dundee','IM019','Diamond Owens','qdaniels@burns.org','Barclays Technology Centre','AP070',2,22,14,'AS070','2025-06-17','2025-06-18','A2','IL070',88,9,'AMEET070','2025-03-28','No Meeting',NULL,'RQ127, RQ128, RQ129',3,'Corporate Overwork / High Workload, Mental Health Leave / Counselling, Corporate Overwork / High Workload','attendance, attendance, attendance'),('0MS71','S071','Mary Smith DVM','mary.smith.dvm@gmail.com','Interactive Media Design',4,'2025-04-01','2025-06-24','AM007','Carol Bell','carol.bell@glasgow.ac.uk','University of Glasgow','IM008','Scott Pena','kbrown@gonzalez.com','BAE Systems Applied Intelligence','AP071',3,45,37,'AS071','2025-06-17','2025-06-20','B2','IL071',71,16,'AMEET071','2025-04-24','IMEET071','2025-03-22','RQ130',1,'Approved Leave (Vacation, Wedding, etc.)','attendance'),('0MS72','S072','Kaitlin Santos','kaitlin.santos@gmail.com','Information Systems Management',2,'2025-04-01','2025-06-24','AM013','Monica Ward','monica.ward@dundee.ac.uk','University of Dundee','IM012','Ryan Herrera','bradley46@george.info','Tata Consultancy Services','AP072',2,28,23,'AS072','2025-06-17','2025-06-18','A2','IL072',115,7,'AMEET072','2025-06-02','No Meeting',NULL,'RQ131, RQ132, RQ133',3,'Family Emergency, Medical Emergency, Visa or Legal Paperwork Delays','assignment, assignment, attendance'),('0MS73','S073','Kevin Hall','kevin.hall@gmail.com','Applied Data Science',1,'2025-04-01','2025-06-24','AM011','Mary Harris','mary.harris@dundee.ac.uk','University of Dundee','IM018','Andrea Bonilla MD','levinebilly@booth.com','Skyscanner','AP073',3,42,37,'AS073','2025-06-17','2025-06-20','B2','IL073',70,7,'AMEET073','2025-04-17','No Meeting',NULL,'RQ134',1,'Mentor Unavailability / Meeting Canceled by Mentor','meeting'),('0MS74','S074','Carlos Perez','carlos.perez@gmail.com','Professional Project Management',1,'2025-04-01','2025-06-24','AM012','Kathryn Gomez','kathryn.gomez@glasgow.ac.uk','University of Glasgow','IM003','Leslie Gray','johnsonrobert@franklin.info','Deloitte UK','AP074',1,11,8,'AS074','2025-06-17','2025-06-17','A1','IL074',79,7,'No Meeting',NULL,'No Meeting',NULL,'RQ135, RQ136, RQ137',3,'Medical Emergency, Medical Emergency, Corporate Overwork / High Workload','attendance, attendance, meeting'),('0MS75','S075','Hannah French','hannah.french@gmail.com','Research Methods in Computing',4,'2025-04-01','2025-06-24','AM020','Crystal Graham','crystal.graham@edinburgh.ac.uk','University of Edinburgh','IM012','Ryan Herrera','bradley46@george.info','Tata Consultancy Services','AP075',3,24,20,'AS075','2025-06-17','2025-06-22','C2','IL075',84,11,'AMEET075','2025-05-17','IMEET075','2025-04-04','RQ138',1,'Approved Leave (Vacation, Wedding, etc.)','attendance'),('0MS76','S076','Abigail Burton','abigail.burton@gmail.com','Interactive Media Design',3,'2025-04-01','2025-06-24','AM002','Paul Lawson','paul.lawson@glasgow.ac.uk','University of Glasgow','IM012','Ryan Herrera','bradley46@george.info','Tata Consultancy Services','AP076',3,45,41,'AS076','2025-06-17','2025-06-18','A2','IL076',96,6,'AMEET076','2025-04-05','IMEET076','2025-07-26','RQ139, RQ140, RQ141',3,'Medical Emergency, Family Emergency, Miscommunication or Delay in Assignment Communication','assignment, meeting, assignment'),('0MS77','S077','Lynn Lewis','lynn.lewis@gmail.com','Information Systems Management',1,'2025-04-01','2025-06-24','AM009','Katelyn Williams','katelyn.williams@edinburgh.ac.uk','University of Edinburgh','IM018','Andrea Bonilla MD','levinebilly@booth.com','Skyscanner','AP077',3,45,32,'AS077','2025-06-17','2025-06-22','C2','IL077',150,15,'No Meeting',NULL,'IMEET077',NULL,'RQ142, RQ143, RQ144, RQ145',4,'Approved Leave (Vacation, Wedding, etc.), Medical Emergency, Medical Emergency, Medical Emergency','attendance, assignment, assignment, attendance'),('0MS78','S078','Nicole Crawford','nicole.crawford@gmail.com','Information Systems Management',2,'2025-04-01','2025-06-24','AM001','Mark Franklin','mark.franklin@dundee.ac.uk','University of Dundee','IM004','Kelly Armstrong','jonesmatthew@fuller-kim.net','BAE Systems Applied Intelligence','AP078',1,14,12,'AS078','2025-06-17','2025-06-23','Fail','IL078',84,18,'No Meeting',NULL,'IMEET078','2025-02-17','RQ146',1,'Corporate Overwork / High Workload','meeting'),('0MS79','S079','Amanda Santana','amanda.santana@gmail.com','Big Data Analysis and Visualisation',1,'2025-04-01','2025-06-24','AM009','Katelyn Williams','katelyn.williams@edinburgh.ac.uk','University of Edinburgh','IM012','Ryan Herrera','bradley46@george.info','Tata Consultancy Services','AP079',3,33,19,'AS079','2025-06-17','2025-06-20','B2','IL079',105,20,'AMEET079','2025-05-03','No Meeting',NULL,'RQ147, RQ148, RQ149',3,'Medical Emergency, Miscommunication or Delay in Assignment Communication, Corporate Overwork / High Workload','assignment, assignment, attendance'),('0MS80','S080','Mary Lewis','mary.lewis@gmail.com','Applied Data Science',1,'2025-04-01','2025-06-24','AM001','Mark Franklin','mark.franklin@dundee.ac.uk','University of Dundee','IM014','Dana Gutierrez','jonathan23@sexton.com','Tata Consultancy Services','AP080',2,28,16,'AS080','2025-06-17','2025-06-23','Fail','IL080',90,20,'AMEET080','2025-04-29','No Meeting',NULL,'RQ150',1,'Visa or Legal Paperwork Delays','attendance'),('0MS81','S081','Lisa Hunt','lisa.hunt@gmail.com','Professional Project Management',3,'2025-04-01','2025-06-24','AM020','Crystal Graham','crystal.graham@edinburgh.ac.uk','University of Edinburgh','IM014','Dana Gutierrez','jonathan23@sexton.com','Tata Consultancy Services','AP081',2,22,17,'AS081','2025-06-17','2025-06-21','C1','IL081',131,13,'AMEET081','2025-06-08','IMEET081','2025-04-29','None',0,'None','None'),('0MS82','S082','Michelle Landry','michelle.landry@gmail.com','Research Methods in Computing',3,'2025-04-01','2025-06-24','AM004','Sherry Grant','sherry.grant@glasgow.ac.uk','University of Glasgow','IM011','Jeffrey Wallace','keyjason@jones.com','Accenture Scotland','AP082',3,36,26,'AS082','2025-06-17','2025-06-22','C2','IL082',89,11,'AMEET082','2025-07-09','No Meeting',NULL,'RQ151, RQ152',2,'Approved Leave (Vacation, Wedding, etc.), Medical Emergency','attendance, attendance'),('0MS83','S083','Lauren Collins','lauren.collins@gmail.com','Professional Project Management',1,'2025-04-01','2025-06-24','AM017','Dr. Kathy Davis','kathy.davis@dundee.ac.uk','University of Dundee','IM002','Nicole Nguyen','mbradshaw@west.biz','Barclays Technology Centre','AP083',3,24,21,'AS083','2025-06-17','2025-06-20','B2','IL083',104,19,'AMEET083','2025-05-01','IMEET083','2025-04-07','RQ153, RQ154, RQ155, RQ156',4,'Mentor Unavailability / Meeting Canceled by Mentor, Extension Approved by Academic Mentor, Mentor Unavailability / Meeting Canceled by Mentor, Family Emergency','meeting, assignment, meeting, meeting'),('0MS84','S084','Alan Rogers','alan.rogers@gmail.com','Professional Project Management',4,'2025-04-01','2025-06-24','AM016','Dr. Mark Gutierrez','mark.gutierrez@glasgow.ac.uk','University of Glasgow','IM004','Kelly Armstrong','jonesmatthew@fuller-kim.net','BAE Systems Applied Intelligence','AP084',1,8,4,'AS084','2025-06-17','2025-06-19','B1','IL084',124,14,'AMEET084','2025-05-14','IMEET084','2025-03-13','RQ157',1,'Visa or Legal Paperwork Delays','attendance'),('0MS85','S085','Victoria Young','victoria.young@gmail.com','Artificial Intelligence and Machine Learning',3,'2025-04-01','2025-06-24','AM003','Matthew Holland','matthew.holland@edinburgh.ac.uk','University of Edinburgh','IM019','Diamond Owens','qdaniels@burns.org','Barclays Technology Centre','AP085',2,20,16,'AS085','2025-06-17','2025-06-23','Fail','IL085',62,8,'AMEET085','2025-02-20','No Meeting',NULL,'RQ158, RQ159, RQ160, RQ161',4,'Medical Emergency, Mentor Unavailability / Meeting Canceled by Mentor, Corporate Overwork / High Workload, Corporate Overwork / High Workload','assignment, meeting, assignment, assignment'),('0MS86','S086','Sarah Sanchez','sarah.sanchez@gmail.com','Cybersecurity and Ethical Hacking',1,'2025-04-01','2025-06-24','AM013','Monica Ward','monica.ward@dundee.ac.uk','University of Dundee','IM018','Andrea Bonilla MD','levinebilly@booth.com','Skyscanner','AP086',2,20,15,'AS086','2025-06-17','2025-06-18','A2','IL086',67,13,'No Meeting',NULL,'No Meeting',NULL,'RQ162',1,'Family Emergency','assignment'),('0MS87','S087','Martha Horton DDS','martha.horton.dds@gmail.com','Business Intelligence and Strategy',3,'2025-04-01','2025-06-24','AM019','Michelle Rogers','michelle.rogers@edinburgh.ac.uk','University of Edinburgh','IM008','Scott Pena','kbrown@gonzalez.com','BAE Systems Applied Intelligence','AP087',2,30,22,'AS087','2025-06-17','2025-06-21','C1','IL087',127,17,'AMEET087','2025-03-04','No Meeting',NULL,'RQ163, RQ164, RQ165, RQ166',4,'Mentor Unavailability / Meeting Canceled by Mentor, Extension Approved by Academic Mentor, Medical Emergency, Corporate Overwork / High Workload','meeting, assignment, assignment, meeting'),('0MS88','S088','Kimberly Fields','kimberly.fields@gmail.com','Big Data Analysis and Visualisation',4,'2025-04-01','2025-06-24','AM017','Dr. Kathy Davis','kathy.davis@dundee.ac.uk','University of Dundee','IM019','Diamond Owens','qdaniels@burns.org','Barclays Technology Centre','AP088',3,27,21,'AS088','2025-06-17','2025-06-18','A2','IL088',91,5,'AMEET088','2025-08-02','No Meeting',NULL,'RQ167, RQ168',2,'Mentor Unavailability / Meeting Canceled by Mentor, Miscommunication or Delay in Assignment Communication','meeting, assignment'),('0MS89','S089','Donald Petty','donald.petty@gmail.com','Information Systems Management',4,'2025-04-01','2025-06-24','AM017','Dr. Kathy Davis','kathy.davis@dundee.ac.uk','University of Dundee','IM001','Thomas Salazar','kristy50@johnson-perkins.info','Deloitte UK','AP089',3,36,32,'AS089','2025-06-17','2025-06-22','C2','IL089',103,7,'No Meeting',NULL,'IMEET089','2025-05-04','RQ169, RQ170, RQ171',3,'Family Emergency, Extension Approved by Academic Mentor, Corporate Overwork / High Workload','meeting, assignment, meeting'),('0MS90','S090','Deanna Hopkins','deanna.hopkins@gmail.com','Cybersecurity and Ethical Hacking',4,'2025-04-01','2025-06-24','AM003','Matthew Holland','matthew.holland@edinburgh.ac.uk','University of Edinburgh','IM006','Alexander Bruce','gbuckley@shaw.net','Accenture Scotland','AP090',2,30,19,'AS090','2025-06-17','2025-06-19','B1','IL090',88,19,'AMEET090',NULL,'IMEET090','2025-03-26','RQ172, RQ173',2,'Corporate Overwork / High Workload, Miscommunication or Delay in Assignment Communication','attendance, assignment'),('0MS91','S091','Christina Gonzalez DVM','christina.gonzalez.dvm@gmail.com','Applied Data Science',2,'2025-04-01','2025-06-24','AM001','Mark Franklin','mark.franklin@dundee.ac.uk','University of Dundee','IM001','Thomas Salazar','kristy50@johnson-perkins.info','Deloitte UK','AP091',1,9,8,'AS091','2025-06-17','2025-06-17','A1','IL091',130,13,'AMEET091','2025-07-11','IMEET091',NULL,'RQ174, RQ175, RQ176, RQ177',4,'Visa or Legal Paperwork Delays, Family Emergency, Family Emergency, Corporate Overwork / High Workload','attendance, assignment, meeting, meeting'),('0MS92','S092','Randall Thomas','randall.thomas@gmail.com','Information Systems Management',4,'2025-04-01','2025-06-24','AM018','Kent Brown','kent.brown@dundee.ac.uk','University of Dundee','IM018','Andrea Bonilla MD','levinebilly@booth.com','Skyscanner','AP092',3,24,20,'AS092','2025-06-17','2025-06-18','A2','IL092',141,20,'AMEET092','2025-02-22','IMEET092','2025-03-05','RQ178, RQ179, RQ180, RQ181',4,'Family Emergency, Miscommunication or Delay in Assignment Communication, Mental Health Leave / Counselling, Medical Emergency','meeting, assignment, attendance, meeting'),('0MS93','S093','Christopher Shields','christopher.shields@gmail.com','Big Data Analysis and Visualisation',3,'2025-04-01','2025-06-24','AM018','Kent Brown','kent.brown@dundee.ac.uk','University of Dundee','IM017','David Callahan','acolon@lloyd.net','Deloitte UK','AP093',3,33,31,'AS093','2025-06-17','2025-06-22','C2','IL093',81,17,'AMEET093',NULL,'IMEET093','2025-04-30','RQ182',1,'Medical Emergency','meeting'),('0MS94','S094','Shawn Mccann','shawn.mccann@gmail.com','Big Data Analysis and Visualisation',1,'2025-04-01','2025-06-24','AM005','Jennifer Miller','jennifer.miller@glasgow.ac.uk','University of Glasgow','IM016','Johnny Graves','kingapril@watkins.info','Tata Consultancy Services','AP094',2,18,15,'AS094','2025-06-17','2025-06-21','C1','IL094',70,17,'AMEET094',NULL,'IMEET094',NULL,'RQ183, RQ184, RQ185',3,'Mental Health Leave / Counselling, Mentor Unavailability / Meeting Canceled by Mentor, Extension Approved by Academic Mentor','attendance, meeting, assignment'),('0MS95','S095','Sarah Cooke','sarah.cooke@gmail.com','Software Engineering Principles',3,'2025-04-01','2025-06-24','AM004','Sherry Grant','sherry.grant@glasgow.ac.uk','University of Glasgow','IM008','Scott Pena','kbrown@gonzalez.com','BAE Systems Applied Intelligence','AP095',2,22,18,'AS095','2025-06-17','2025-06-17','A1','IL095',71,15,'AMEET095','2025-04-29','IMEET095','2025-07-07','RQ186, RQ187, RQ188',3,'Corporate Overwork / High Workload, Corporate Overwork / High Workload, Family Emergency','meeting, assignment, attendance'),('0MS96','S096','Erin Church','erin.church@gmail.com','Human-Centred Computing',3,'2025-04-01','2025-06-24','AM001','Mark Franklin','mark.franklin@dundee.ac.uk','University of Dundee','IM001','Thomas Salazar','kristy50@johnson-perkins.info','Deloitte UK','AP096',2,30,16,'AS096','2025-06-17','2025-06-21','C1','IL096',61,12,'No Meeting',NULL,'IMEET096',NULL,'RQ189, RQ190, RQ191',3,'Extension Approved by Academic Mentor, Medical Emergency, Extension Approved by Academic Mentor','assignment, assignment, assignment'),('0MS97','S097','Jason Martin','jason.martin@gmail.com','Software Engineering Principles',3,'2025-04-01','2025-06-24','AM001','Mark Franklin','mark.franklin@dundee.ac.uk','University of Dundee','IM004','Kelly Armstrong','jonesmatthew@fuller-kim.net','BAE Systems Applied Intelligence','AP097',2,16,15,'AS097','2025-06-17','2025-06-20','B2','IL097',95,5,'AMEET097','2025-05-02','No Meeting',NULL,'RQ192',1,'Medical Emergency','assignment'),('0MS98','S098','Kayla Buchanan','kayla.buchanan@gmail.com','Artificial Intelligence and Machine Learning',3,'2025-04-01','2025-06-24','AM015','Linda Wright','linda.wright@edinburgh.ac.uk','University of Edinburgh','IM015','Thomas Estrada','sheribaker@george.com','JP Morgan Chase & Co.','AP098',2,20,14,'AS098','2025-06-17','2025-06-22','C2','IL098',65,9,'No Meeting',NULL,'IMEET098','2025-03-02','None',0,'None','None'),('0MS99','S099','Michelle Patel','michelle.patel@gmail.com','Computational Modelling and Programming',4,'2025-04-01','2025-06-24','AM016','Dr. Mark Gutierrez','mark.gutierrez@glasgow.ac.uk','University of Glasgow','IM010','Benjamin Hale','tylerdiaz@hall.biz','Skyscanner','AP099',2,20,18,'AS099','2025-06-17','2025-06-20','B2','IL099',93,10,'No Meeting',NULL,'IMEET099',NULL,'None',0,'None','None'),('MS100','S100','Linda Edwards','linda.edwards@gmail.com','Professional Project Management',2,'2025-04-01','2025-06-24','AM016','Dr. Mark Gutierrez','mark.gutierrez@glasgow.ac.uk','University of Glasgow','IM011','Jeffrey Wallace','keyjason@jones.com','Accenture Scotland','AP100',2,24,22,'AS100','2025-06-17','2025-06-17','A1','IL100',74,12,'AMEET100','2025-06-09','IMEET100','2025-06-05','RQ193, RQ194',2,'Mental Health Leave / Counselling, Extension Approved by Academic Mentor','attendance, assignment');
/*!40000 ALTER TABLE `master_mmms` ENABLE KEYS */;
UNLOCK TABLES;

--
-- Table structure for table `meetings`
--

DROP TABLE IF EXISTS `meetings`;
/*!40101 SET @saved_cs_client     = @@character_set_client */;
/*!50503 SET character_set_client = utf8mb4 */;
CREATE TABLE `meetings` (
  `serial_no` int NOT NULL AUTO_INCREMENT,
  `academic_meeting_id` varchar(50) DEFAULT NULL,
  `student_id` varchar(50) DEFAULT NULL,
  `academic_meeting_date` date DEFAULT NULL,
  `industry_meeting_id` varchar(50) DEFAULT NULL,
  `industry_meeting_date` date DEFAULT NULL,
  PRIMARY KEY (`serial_no`),
  KEY `fk_meetings_student` (`student_id`),
  CONSTRAINT `fk_meetings_student` FOREIGN KEY (`student_id`) REFERENCES `students` (`student_id`) ON DELETE CASCADE ON UPDATE CASCADE
) ENGINE=InnoDB AUTO_INCREMENT=101 DEFAULT CHARSET=utf8mb4 COLLATE=utf8mb4_0900_ai_ci;
/*!40101 SET character_set_client = @saved_cs_client */;

--
-- Dumping data for table `meetings`
--

LOCK TABLES `meetings` WRITE;
/*!40000 ALTER TABLE `meetings` DISABLE KEYS */;
INSERT INTO `meetings` VALUES (1,'AMEET001','S001','2025-06-20','No Meeting',NULL),(2,'AMEET002','S002','2025-07-12','IMEET002','2025-07-15'),(3,'No Meeting','S003',NULL,'No Meeting',NULL),(4,'AMEET004','S004','2025-07-02','No Meeting',NULL),(5,'AMEET005','S005','2025-06-28','No Meeting',NULL),(6,'AMEET006','S006','2025-02-16','IMEET006',NULL),(7,'No Meeting','S007',NULL,'IMEET007','2025-06-07'),(8,'AMEET008','S008','2025-03-17','No Meeting',NULL),(9,'AMEET009','S009',NULL,'No Meeting',NULL),(10,'AMEET010','S010','2025-07-23','No Meeting',NULL),(11,'No Meeting','S011',NULL,'No Meeting',NULL),(12,'AMEET012','S012','2025-02-23','No Meeting',NULL),(13,'AMEET013','S013','2025-05-01','IMEET013','2025-02-24'),(14,'No Meeting','S014',NULL,'No Meeting',NULL),(15,'AMEET015','S015',NULL,'IMEET015',NULL),(16,'No Meeting','S016',NULL,'No Meeting',NULL),(17,'No Meeting','S017',NULL,'IMEET017','2025-03-14'),(18,'No Meeting','S018',NULL,'No Meeting',NULL),(19,'AMEET019','S019',NULL,'IMEET019','2025-06-23'),(20,'AMEET020','S020',NULL,'No Meeting',NULL),(21,'AMEET021','S021','2025-07-30','IMEET021','2025-06-29'),(22,'AMEET022','S022','2025-05-14','IMEET022','2025-05-12'),(23,'AMEET023','S023','2025-02-16','No Meeting',NULL),(24,'No Meeting','S024',NULL,'No Meeting',NULL),(25,'AMEET025','S025',NULL,'No Meeting',NULL),(26,'AMEET026','S026','2025-02-25','No Meeting',NULL),(27,'AMEET027','S027','2025-05-09','IMEET027','2025-04-24'),(28,'AMEET028','S028','2025-04-18','IMEET028',NULL),(29,'No Meeting','S029',NULL,'No Meeting',NULL),(30,'No Meeting','S030',NULL,'IMEET030','2025-06-11'),(31,'AMEET031','S031','2025-04-16','IMEET031','2025-04-13'),(32,'AMEET032','S032','2025-07-07','No Meeting',NULL),(33,'No Meeting','S033',NULL,'No Meeting',NULL),(34,'AMEET034','S034','2025-05-12','IMEET034','2025-05-30'),(35,'No Meeting','S035',NULL,'IMEET035','2025-02-14'),(36,'AMEET036','S036','2025-07-31','IMEET036','2025-03-25'),(37,'No Meeting','S037',NULL,'IMEET037','2025-06-24'),(38,'AMEET038','S038','2025-05-13','IMEET038','2025-07-26'),(39,'No Meeting','S039',NULL,'No Meeting',NULL),(40,'AMEET040','S040','2025-06-05','IMEET040','2025-02-25'),(41,'No Meeting','S041',NULL,'IMEET041',NULL),(42,'AMEET042','S042','2025-05-23','IMEET042',NULL),(43,'AMEET043','S043','2025-04-11','No Meeting',NULL),(44,'AMEET044','S044','2025-07-21','IMEET044','2025-02-25'),(45,'AMEET045','S045','2025-07-23','IMEET045','2025-04-09'),(46,'AMEET046','S046','2025-05-25','No Meeting',NULL),(47,'No Meeting','S047',NULL,'IMEET047','2025-05-31'),(48,'No Meeting','S048',NULL,'No Meeting',NULL),(49,'AMEET049','S049','2025-05-19','IMEET049',NULL),(50,'AMEET050','S050','2025-04-04','IMEET050',NULL),(51,'AMEET051','S051','2025-07-07','No Meeting',NULL),(52,'AMEET052','S052','2025-03-12','IMEET052','2025-03-06'),(53,'No Meeting','S053',NULL,'IMEET053','2025-06-11'),(54,'AMEET054','S054','2025-07-30','IMEET054','2025-04-21'),(55,'AMEET055','S055','2025-07-20','IMEET055','2025-04-28'),(56,'No Meeting','S056',NULL,'No Meeting',NULL),(57,'AMEET057','S057','2025-07-30','No Meeting',NULL),(58,'AMEET058','S058','2025-05-14','No Meeting',NULL),(59,'AMEET059','S059','2025-06-13','IMEET059','2025-04-03'),(60,'No Meeting','S060',NULL,'IMEET060',NULL),(61,'AMEET061','S061','2025-05-28','IMEET061','2025-05-31'),(62,'AMEET062','S062',NULL,'IMEET062','2025-04-21'),(63,'No Meeting','S063',NULL,'No Meeting',NULL),(64,'AMEET064','S064','2025-03-03','IMEET064','2025-04-13'),(65,'AMEET065','S065','2025-02-13','IMEET065','2025-06-04'),(66,'No Meeting','S066',NULL,'IMEET066','2025-06-05'),(67,'AMEET067','S067','2025-06-15','IMEET067',NULL),(68,'AMEET068','S068',NULL,'No Meeting',NULL),(69,'AMEET069','S069','2025-04-24','No Meeting',NULL),(70,'AMEET070','S070','2025-03-28','No Meeting',NULL),(71,'AMEET071','S071','2025-04-24','IMEET071','2025-03-22'),(72,'AMEET072','S072','2025-06-02','No Meeting',NULL),(73,'AMEET073','S073','2025-04-17','No Meeting',NULL),(74,'No Meeting','S074',NULL,'No Meeting',NULL),(75,'AMEET075','S075','2025-05-17','IMEET075','2025-04-04'),(76,'AMEET076','S076','2025-04-05','IMEET076','2025-07-26'),(77,'No Meeting','S077',NULL,'IMEET077',NULL),(78,'No Meeting','S078',NULL,'IMEET078','2025-02-17'),(79,'AMEET079','S079','2025-05-03','No Meeting',NULL),(80,'AMEET080','S080','2025-04-29','No Meeting',NULL),(81,'AMEET081','S081','2025-06-08','IMEET081','2025-04-29'),(82,'AMEET082','S082','2025-07-09','No Meeting',NULL),(83,'AMEET083','S083','2025-05-01','IMEET083','2025-04-07'),(84,'AMEET084','S084','2025-05-14','IMEET084','2025-03-13'),(85,'AMEET085','S085','2025-02-20','No Meeting',NULL),(86,'No Meeting','S086',NULL,'No Meeting',NULL),(87,'AMEET087','S087','2025-03-04','No Meeting',NULL),(88,'AMEET088','S088','2025-08-02','No Meeting',NULL),(89,'No Meeting','S089',NULL,'IMEET089','2025-05-04'),(90,'AMEET090','S090',NULL,'IMEET090','2025-03-26'),(91,'AMEET091','S091','2025-07-11','IMEET091',NULL),(92,'AMEET092','S092','2025-02-22','IMEET092','2025-03-05'),(93,'AMEET093','S093',NULL,'IMEET093','2025-04-30'),(94,'AMEET094','S094',NULL,'IMEET094',NULL),(95,'AMEET095','S095','2025-04-29','IMEET095','2025-07-07'),(96,'No Meeting','S096',NULL,'IMEET096',NULL),(97,'AMEET097','S097','2025-05-02','No Meeting',NULL),(98,'No Meeting','S098',NULL,'IMEET098','2025-03-02'),(99,'No Meeting','S099',NULL,'IMEET099',NULL),(100,'AMEET100','S100','2025-06-09','IMEET100','2025-06-05');
/*!40000 ALTER TABLE `meetings` ENABLE KEYS */;
UNLOCK TABLES;

--
-- Table structure for table `request`
--

DROP TABLE IF EXISTS `request`;
/*!40101 SET @saved_cs_client     = @@character_set_client */;
/*!50503 SET character_set_client = utf8mb4 */;
CREATE TABLE `request` (
  `request_id` varchar(50) NOT NULL,
  `student_id` varchar(50) DEFAULT NULL,
  `reason` text,
  `category` text,
  `request_date` date DEFAULT NULL,
  PRIMARY KEY (`request_id`),
  KEY `fk_request_student` (`student_id`),
  CONSTRAINT `fk_request_student` FOREIGN KEY (`student_id`) REFERENCES `students` (`student_id`) ON DELETE CASCADE ON UPDATE CASCADE
) ENGINE=InnoDB DEFAULT CHARSET=utf8mb4 COLLATE=utf8mb4_0900_ai_ci;
/*!40101 SET character_set_client = @saved_cs_client */;

--
-- Dumping data for table `request`
--

LOCK TABLES `request` WRITE;
/*!40000 ALTER TABLE `request` DISABLE KEYS */;
INSERT INTO `request` VALUES ('RQ001','S001','Miscommunication or Delay in Assignment Communication','assignment','2025-05-08'),('RQ002','S001','Corporate Overwork / High Workload','assignment','2025-06-01'),('RQ003','S001','Miscommunication or Delay in Assignment Communication','assignment','2025-06-17'),('RQ004','S004','Mental Health Leave / Counselling','attendance','2025-04-12'),('RQ005','S004','Family Emergency','assignment','2025-05-28'),('RQ006','S004','Medical Emergency','assignment','2025-06-13'),('RQ007','S004','Miscommunication or Delay in Assignment Communication','assignment','2025-05-07'),('RQ008','S005','Visa or Legal Paperwork Delays','attendance','2025-06-13'),('RQ009','S005','Approved Leave (Vacation, Wedding, etc.)','attendance','2025-06-01'),('RQ010','S006','Corporate Overwork / High Workload','assignment','2025-06-21'),('RQ011','S006','Family Emergency','attendance','2025-04-23'),('RQ012','S008','Family Emergency','assignment','2025-06-12'),('RQ013','S008','Medical Emergency','attendance','2025-06-05'),('RQ014','S009','Family Emergency','assignment','2025-05-22'),('RQ015','S009','Mental Health Leave / Counselling','attendance','2025-04-05'),('RQ016','S009','Medical Emergency','assignment','2025-06-05'),('RQ017','S010','Extension Approved by Academic Mentor','assignment','2025-04-24'),('RQ018','S010','Family Emergency','meeting','2025-05-17'),('RQ019','S010','Corporate Overwork / High Workload','attendance','2025-04-17'),('RQ020','S010','Corporate Overwork / High Workload','attendance','2025-05-14'),('RQ021','S011','Mental Health Leave / Counselling','attendance','2025-05-28'),('RQ022','S011','Medical Emergency','attendance','2025-06-22'),('RQ023','S013','Extension Approved by Academic Mentor','assignment','2025-04-20'),('RQ024','S014','Mental Health Leave / Counselling','attendance','2025-05-17'),('RQ025','S017','Family Emergency','attendance','2025-06-14'),('RQ026','S017','Medical Emergency','attendance','2025-04-26'),('RQ027','S017','Family Emergency','assignment','2025-05-31'),('RQ028','S017','Mental Health Leave / Counselling','attendance','2025-06-01'),('RQ029','S019','Corporate Overwork / High Workload','attendance','2025-05-29'),('RQ030','S019','Medical Emergency','assignment','2025-05-26'),('RQ031','S019','Corporate Overwork / High Workload','assignment','2025-04-04'),('RQ032','S020','Miscommunication or Delay in Assignment Communication','assignment','2025-04-16'),('RQ033','S020','Medical Emergency','meeting','2025-06-09'),('RQ034','S020','Mental Health Leave / Counselling','attendance','2025-05-30'),('RQ035','S020','Miscommunication or Delay in Assignment Communication','assignment','2025-04-13'),('RQ036','S021','Family Emergency','assignment','2025-04-12'),('RQ037','S021','Approved Leave (Vacation, Wedding, etc.)','attendance','2025-06-17'),('RQ038','S021','Approved Leave (Vacation, Wedding, etc.)','attendance','2025-06-08'),('RQ039','S021','Mental Health Leave / Counselling','attendance','2025-06-10'),('RQ040','S022','Corporate Overwork / High Workload','meeting','2025-06-02'),('RQ041','S022','Extension Approved by Academic Mentor','assignment','2025-04-23'),('RQ042','S023','Visa or Legal Paperwork Delays','attendance','2025-04-20'),('RQ043','S023','Approved Leave (Vacation, Wedding, etc.)','attendance','2025-06-10'),('RQ044','S023','Medical Emergency','assignment','2025-04-21'),('RQ045','S024','Corporate Overwork / High Workload','assignment','2025-05-07'),('RQ046','S025','Medical Emergency','attendance','2025-05-11'),('RQ047','S025','Family Emergency','attendance','2025-06-07'),('RQ048','S025','Medical Emergency','attendance','2025-04-06'),('RQ049','S026','Corporate Overwork / High Workload','meeting','2025-06-04'),('RQ050','S027','Family Emergency','assignment','2025-05-10'),('RQ051','S027','Family Emergency','meeting','2025-04-14'),('RQ052','S027','Family Emergency','meeting','2025-04-20'),('RQ053','S028','Mentor Unavailability / Meeting Canceled by Mentor','meeting','2025-04-22'),('RQ054','S028','Miscommunication or Delay in Assignment Communication','assignment','2025-05-18'),('RQ055','S029','Corporate Overwork / High Workload','meeting','2025-06-03'),('RQ056','S029','Corporate Overwork / High Workload','assignment','2025-06-19'),('RQ057','S030','Extension Approved by Academic Mentor','assignment','2025-04-09'),('RQ058','S032','Approved Leave (Vacation, Wedding, etc.)','attendance','2025-05-30'),('RQ059','S032','Family Emergency','meeting','2025-06-01'),('RQ060','S032','Extension Approved by Academic Mentor','assignment','2025-04-20'),('RQ061','S033','Family Emergency','attendance','2025-04-08'),('RQ062','S033','Medical Emergency','meeting','2025-04-26'),('RQ063','S033','Mentor Unavailability / Meeting Canceled by Mentor','meeting','2025-06-06'),('RQ064','S034','Family Emergency','assignment','2025-05-15'),('RQ065','S034','Corporate Overwork / High Workload','meeting','2025-06-12'),('RQ066','S035','Medical Emergency','meeting','2025-06-01'),('RQ067','S036','Family Emergency','attendance','2025-05-18'),('RQ068','S037','Extension Approved by Academic Mentor','assignment','2025-04-17'),('RQ069','S038','Corporate Overwork / High Workload','meeting','2025-06-22'),('RQ070','S038','Corporate Overwork / High Workload','attendance','2025-04-25'),('RQ071','S038','Mental Health Leave / Counselling','attendance','2025-06-09'),('RQ072','S038','Miscommunication or Delay in Assignment Communication','assignment','2025-04-14'),('RQ073','S040','Corporate Overwork / High Workload','meeting','2025-04-13'),('RQ074','S040','Medical Emergency','meeting','2025-04-27'),('RQ075','S040','Approved Leave (Vacation, Wedding, etc.)','attendance','2025-04-28'),('RQ076','S042','Family Emergency','meeting','2025-05-03'),('RQ077','S042','Corporate Overwork / High Workload','assignment','2025-06-20'),('RQ078','S042','Family Emergency','attendance','2025-06-09'),('RQ079','S045','Corporate Overwork / High Workload','assignment','2025-05-17'),('RQ080','S045','Medical Emergency','meeting','2025-04-17'),('RQ081','S045','Corporate Overwork / High Workload','attendance','2025-04-20'),('RQ082','S045','Corporate Overwork / High Workload','attendance','2025-05-03'),('RQ083','S046','Family Emergency','meeting','2025-04-25'),('RQ084','S047','Extension Approved by Academic Mentor','assignment','2025-05-27'),('RQ085','S047','Mentor Unavailability / Meeting Canceled by Mentor','meeting','2025-05-22'),('RQ086','S047','Family Emergency','attendance','2025-05-07'),('RQ087','S047','Corporate Overwork / High Workload','meeting','2025-04-27'),('RQ088','S049','Medical Emergency','attendance','2025-05-01'),('RQ089','S049','Corporate Overwork / High Workload','assignment','2025-04-12'),('RQ090','S049','Corporate Overwork / High Workload','meeting','2025-04-30'),('RQ091','S050','Visa or Legal Paperwork Delays','attendance','2025-04-07'),('RQ092','S050','Medical Emergency','meeting','2025-04-07'),('RQ093','S052','Extension Approved by Academic Mentor','assignment','2025-06-15'),('RQ094','S052','Medical Emergency','assignment','2025-06-18'),('RQ095','S052','Mentor Unavailability / Meeting Canceled by Mentor','meeting','2025-05-16'),('RQ096','S054','Medical Emergency','attendance','2025-04-07'),('RQ097','S054','Family Emergency','assignment','2025-05-20'),('RQ098','S057','Approved Leave (Vacation, Wedding, etc.)','attendance','2025-06-03'),('RQ099','S057','Miscommunication or Delay in Assignment Communication','assignment','2025-06-18'),('RQ100','S057','Medical Emergency','meeting','2025-04-03'),('RQ101','S058','Mentor Unavailability / Meeting Canceled by Mentor','meeting','2025-05-09'),('RQ102','S058','Corporate Overwork / High Workload','meeting','2025-06-18'),('RQ103','S058','Corporate Overwork / High Workload','meeting','2025-06-13'),('RQ104','S058','Mentor Unavailability / Meeting Canceled by Mentor','meeting','2025-04-23'),('RQ105','S059','Family Emergency','attendance','2025-05-14'),('RQ106','S059','Approved Leave (Vacation, Wedding, etc.)','attendance','2025-04-25'),('RQ107','S059','Medical Emergency','attendance','2025-04-04'),('RQ108','S059','Extension Approved by Academic Mentor','assignment','2025-06-09'),('RQ109','S060','Corporate Overwork / High Workload','attendance','2025-04-08'),('RQ110','S060','Corporate Overwork / High Workload','assignment','2025-05-14'),('RQ111','S063','Extension Approved by Academic Mentor','assignment','2025-04-19'),('RQ112','S063','Miscommunication or Delay in Assignment Communication','assignment','2025-04-01'),('RQ113','S063','Mental Health Leave / Counselling','attendance','2025-06-17'),('RQ114','S063','Corporate Overwork / High Workload','assignment','2025-04-25'),('RQ115','S064','Miscommunication or Delay in Assignment Communication','assignment','2025-06-23'),('RQ116','S064','Extension Approved by Academic Mentor','assignment','2025-06-13'),('RQ117','S064','Corporate Overwork / High Workload','meeting','2025-05-21'),('RQ118','S064','Corporate Overwork / High Workload','attendance','2025-04-12'),('RQ119','S065','Corporate Overwork / High Workload','attendance','2025-04-05'),('RQ120','S065','Visa or Legal Paperwork Delays','attendance','2025-04-26'),('RQ121','S065','Corporate Overwork / High Workload','attendance','2025-05-22'),('RQ122','S066','Family Emergency','assignment','2025-06-03'),('RQ123','S068','Approved Leave (Vacation, Wedding, etc.)','attendance','2025-06-16'),('RQ124','S068','Corporate Overwork / High Workload','meeting','2025-04-06'),('RQ125','S068','Visa or Legal Paperwork Delays','attendance','2025-06-05'),('RQ126','S068','Visa or Legal Paperwork Delays','attendance','2025-05-15'),('RQ127','S070','Corporate Overwork / High Workload','attendance','2025-05-30'),('RQ128','S070','Mental Health Leave / Counselling','attendance','2025-05-21'),('RQ129','S070','Corporate Overwork / High Workload','attendance','2025-05-08'),('RQ130','S071','Approved Leave (Vacation, Wedding, etc.)','attendance','2025-05-04'),('RQ131','S072','Family Emergency','assignment','2025-04-21'),('RQ132','S072','Medical Emergency','assignment','2025-06-20'),('RQ133','S072','Visa or Legal Paperwork Delays','attendance','2025-06-08'),('RQ134','S073','Mentor Unavailability / Meeting Canceled by Mentor','meeting','2025-04-05'),('RQ135','S074','Medical Emergency','attendance','2025-06-09'),('RQ136','S074','Medical Emergency','attendance','2025-06-08'),('RQ137','S074','Corporate Overwork / High Workload','meeting','2025-04-05'),('RQ138','S075','Approved Leave (Vacation, Wedding, etc.)','attendance','2025-05-18'),('RQ139','S076','Medical Emergency','assignment','2025-06-11'),('RQ140','S076','Family Emergency','meeting','2025-05-26'),('RQ141','S076','Miscommunication or Delay in Assignment Communication','assignment','2025-06-20'),('RQ142','S077','Approved Leave (Vacation, Wedding, etc.)','attendance','2025-04-30'),('RQ143','S077','Medical Emergency','assignment','2025-05-20'),('RQ144','S077','Medical Emergency','assignment','2025-04-29'),('RQ145','S077','Medical Emergency','attendance','2025-05-12'),('RQ146','S078','Corporate Overwork / High Workload','meeting','2025-06-14'),('RQ147','S079','Medical Emergency','assignment','2025-05-10'),('RQ148','S079','Miscommunication or Delay in Assignment Communication','assignment','2025-06-23'),('RQ149','S079','Corporate Overwork / High Workload','attendance','2025-05-20'),('RQ150','S080','Visa or Legal Paperwork Delays','attendance','2025-06-01'),('RQ151','S082','Approved Leave (Vacation, Wedding, etc.)','attendance','2025-06-06'),('RQ152','S082','Medical Emergency','attendance','2025-04-30'),('RQ153','S083','Mentor Unavailability / Meeting Canceled by Mentor','meeting','2025-06-03'),('RQ154','S083','Extension Approved by Academic Mentor','assignment','2025-04-23'),('RQ155','S083','Mentor Unavailability / Meeting Canceled by Mentor','meeting','2025-06-15'),('RQ156','S083','Family Emergency','meeting','2025-06-18'),('RQ157','S084','Visa or Legal Paperwork Delays','attendance','2025-05-22'),('RQ158','S085','Medical Emergency','assignment','2025-06-16'),('RQ159','S085','Mentor Unavailability / Meeting Canceled by Mentor','meeting','2025-06-04'),('RQ160','S085','Corporate Overwork / High Workload','assignment','2025-06-12'),('RQ161','S085','Corporate Overwork / High Workload','assignment','2025-05-03'),('RQ162','S086','Family Emergency','assignment','2025-05-07'),('RQ163','S087','Mentor Unavailability / Meeting Canceled by Mentor','meeting','2025-05-31'),('RQ164','S087','Extension Approved by Academic Mentor','assignment','2025-05-28'),('RQ165','S087','Medical Emergency','assignment','2025-06-13'),('RQ166','S087','Corporate Overwork / High Workload','meeting','2025-05-15'),('RQ167','S088','Mentor Unavailability / Meeting Canceled by Mentor','meeting','2025-05-18'),('RQ168','S088','Miscommunication or Delay in Assignment Communication','assignment','2025-04-28'),('RQ169','S089','Family Emergency','meeting','2025-04-28'),('RQ170','S089','Extension Approved by Academic Mentor','assignment','2025-06-15'),('RQ171','S089','Corporate Overwork / High Workload','meeting','2025-04-29'),('RQ172','S090','Corporate Overwork / High Workload','attendance','2025-06-22'),('RQ173','S090','Miscommunication or Delay in Assignment Communication','assignment','2025-05-03'),('RQ174','S091','Visa or Legal Paperwork Delays','attendance','2025-04-24'),('RQ175','S091','Family Emergency','assignment','2025-06-22'),('RQ176','S091','Family Emergency','meeting','2025-06-10'),('RQ177','S091','Corporate Overwork / High Workload','meeting','2025-06-13'),('RQ178','S092','Family Emergency','meeting','2025-05-19'),('RQ179','S092','Miscommunication or Delay in Assignment Communication','assignment','2025-04-30'),('RQ180','S092','Mental Health Leave / Counselling','attendance','2025-04-28'),('RQ181','S092','Medical Emergency','meeting','2025-06-23'),('RQ182','S093','Medical Emergency','meeting','2025-04-25'),('RQ183','S094','Mental Health Leave / Counselling','attendance','2025-05-30'),('RQ184','S094','Mentor Unavailability / Meeting Canceled by Mentor','meeting','2025-04-02'),('RQ185','S094','Extension Approved by Academic Mentor','assignment','2025-06-09'),('RQ186','S095','Corporate Overwork / High Workload','meeting','2025-05-13'),('RQ187','S095','Corporate Overwork / High Workload','assignment','2025-05-19'),('RQ188','S095','Family Emergency','attendance','2025-05-03'),('RQ189','S096','Extension Approved by Academic Mentor','assignment','2025-05-19'),('RQ190','S096','Medical Emergency','assignment','2025-05-05'),('RQ191','S096','Extension Approved by Academic Mentor','assignment','2025-05-08'),('RQ192','S097','Medical Emergency','assignment','2025-05-01'),('RQ193','S100','Mental Health Leave / Counselling','attendance','2025-05-09'),('RQ194','S100','Extension Approved by Academic Mentor','assignment','2025-05-04');
/*!40000 ALTER TABLE `request` ENABLE KEYS */;
UNLOCK TABLES;

--
-- Table structure for table `students`
--

DROP TABLE IF EXISTS `students`;
/*!40101 SET @saved_cs_client     = @@character_set_client */;
/*!50503 SET character_set_client = utf8mb4 */;
CREATE TABLE `students` (
  `student_id` varchar(50) NOT NULL,
  `name` text,
  `email` varchar(50) DEFAULT NULL,
  `course` text,
  `current_year` int DEFAULT NULL,
  `academic_mentor_id` varchar(50) DEFAULT NULL,
  `industry_mentor_id` varchar(50) DEFAULT NULL,
  `term_start_date` date DEFAULT NULL,
  `term_end_date` date DEFAULT NULL,
  PRIMARY KEY (`student_id`),
  KEY `fk_industry_mentor_idx` (`industry_mentor_id`),
  KEY `fk_students_academic_mentor` (`academic_mentor_id`),
  CONSTRAINT `fk_students_academic_mentor` FOREIGN KEY (`academic_mentor_id`) REFERENCES `academic_mentor` (`academic_mentor_id`) ON DELETE SET NULL ON UPDATE CASCADE,
  CONSTRAINT `fk_students_industry_mentor` FOREIGN KEY (`industry_mentor_id`) REFERENCES `industry_mentor` (`industry_mentor_id`) ON DELETE SET NULL ON UPDATE CASCADE
) ENGINE=InnoDB DEFAULT CHARSET=utf8mb4 COLLATE=utf8mb4_0900_ai_ci;
/*!40101 SET character_set_client = @saved_cs_client */;

--
-- Dumping data for table `students`
--

LOCK TABLES `students` WRITE;
/*!40000 ALTER TABLE `students` DISABLE KEYS */;
INSERT INTO `students` VALUES ('S001','Robert Kennedy','robert.kennedy@gmail.com','Human-Centred Computing',3,'AM015','IM014','2025-04-01','2025-06-24'),('S002','Melissa Holden','melissa.holden@gmail.com','Applied Data Science',4,'AM019','IM005','2025-04-01','2025-06-24'),('S003','Brenda Jacobs','brenda.jacobs@gmail.com','Computational Modelling and Programming',3,'AM019','IM013','2025-04-01','2025-06-24'),('S004','Daniel Olson','daniel.olson@gmail.com','Software Engineering Principles',1,'AM001','IM020','2025-04-01','2025-06-24'),('S005','Crystal Arias','crystal.arias@gmail.com','Cybersecurity and Ethical Hacking',3,'AM014','IM002','2025-04-01','2025-06-24'),('S006','Jose Bailey','jose.bailey@gmail.com','Software Engineering Principles',1,'AM008','IM010','2025-04-01','2025-06-24'),('S007','Christopher Simon','christopher.simon@gmail.com','Business Intelligence and Strategy',1,'AM001','IM006','2025-04-01','2025-06-24'),('S008','Amy Holder','amy.holder@gmail.com','Information Systems Management',2,'AM017','IM011','2025-04-01','2025-06-24'),('S009','Angela Stewart','angela.stewart@gmail.com','Software Engineering Principles',3,'AM018','IM016','2025-04-01','2025-06-24'),('S010','Daniel Johnson','daniel.johnson@gmail.com','Interactive Media Design',2,'AM013','IM010','2025-04-01','2025-06-24'),('S011','Melissa Willis','melissa.willis@gmail.com','Software Engineering Principles',4,'AM013','IM003','2025-04-01','2025-06-24'),('S012','Tina Mitchell','tina.mitchell@gmail.com','Applied Data Science',4,'AM015','IM001','2025-04-01','2025-06-24'),('S013','David Allen','david.allen@gmail.com','Big Data Analysis and Visualisation',1,'AM004','IM012','2025-04-01','2025-06-24'),('S014','Nicholas Haynes','nicholas.haynes@gmail.com','Big Data Analysis and Visualisation',1,'AM019','IM009','2025-04-01','2025-06-24'),('S015','Anthony Kelly','anthony.kelly@gmail.com','Computational Modelling and Programming',1,'AM002','IM011','2025-04-01','2025-06-24'),('S016','Daniel Webb','daniel.webb@gmail.com','Artificial Intelligence and Machine Learning',2,'AM001','IM011','2025-04-01','2025-06-24'),('S017','Barbara Ramirez','barbara.ramirez@gmail.com','Artificial Intelligence and Machine Learning',4,'AM017','IM017','2025-04-01','2025-06-24'),('S018','Dawn Williams','dawn.williams@gmail.com','Professional Project Management',1,'AM015','IM015','2025-04-01','2025-06-24'),('S019','Lori Ford','lori.ford@gmail.com','Interactive Media Design',4,'AM006','IM007','2025-04-01','2025-06-24'),('S020','Brenda Rush','brenda.rush@gmail.com','Applied Data Science',2,'AM004','IM014','2025-04-01','2025-06-24'),('S021','Wanda Evans','wanda.evans@gmail.com','Human-Centred Computing',3,'AM015','IM020','2025-04-01','2025-06-24'),('S022','Margaret Rose','margaret.rose@gmail.com','Artificial Intelligence and Machine Learning',1,'AM016','IM003','2025-04-01','2025-06-24'),('S023','Rebecca Chen','rebecca.chen@gmail.com','Computational Modelling and Programming',4,'AM015','IM008','2025-04-01','2025-06-24'),('S024','David Sanchez DDS','david.sanchez.dds@gmail.com','Software Engineering Principles',2,'AM014','IM018','2025-04-01','2025-06-24'),('S025','Linda Craig','linda.craig@gmail.com','Business Intelligence and Strategy',1,'AM020','IM014','2025-04-01','2025-06-24'),('S026','Ryan Taylor','ryan.taylor@gmail.com','Interactive Media Design',2,'AM002','IM010','2025-04-01','2025-06-24'),('S027','Leslie Burnett MD','leslie.burnett.md@gmail.com','Computational Modelling and Programming',2,'AM014','IM005','2025-04-01','2025-06-24'),('S028','Brady Vance','brady.vance@gmail.com','Cybersecurity and Ethical Hacking',4,'AM009','IM010','2025-04-01','2025-06-24'),('S029','Michael Henderson','michael.henderson@gmail.com','Software Engineering Principles',2,'AM017','IM020','2025-04-01','2025-06-24'),('S030','William Smith','william.smith@gmail.com','Professional Project Management',1,'AM009','IM019','2025-04-01','2025-06-24'),('S031','Jesse Martin','jesse.martin@gmail.com','Applied Data Science',2,'AM005','IM018','2025-04-01','2025-06-24'),('S032','James Burton','james.burton@gmail.com','Information Systems Management',4,'AM004','IM019','2025-04-01','2025-06-24'),('S033','Kelly Gould','kelly.gould@gmail.com','Professional Project Management',4,'AM001','IM005','2025-04-01','2025-06-24'),('S034','Richard Weaver','richard.weaver@gmail.com','Cybersecurity and Ethical Hacking',3,'AM012','IM016','2025-04-01','2025-06-24'),('S035','Brittany Saunders','brittany.saunders@gmail.com','Information Systems Management',2,'AM014','IM020','2025-04-01','2025-06-24'),('S036','Steven Santiago Jr.','steven.santiago.jr.@gmail.com','Cybersecurity and Ethical Hacking',2,'AM019','IM020','2025-04-01','2025-06-24'),('S037','Sarah Jones','sarah.jones@gmail.com','Cybersecurity and Ethical Hacking',4,'AM015','IM013','2025-04-01','2025-06-24'),('S038','Donald Wong','donald.wong@gmail.com','Business Intelligence and Strategy',1,'AM020','IM003','2025-04-01','2025-06-24'),('S039','Melinda Oconnor','melinda.oconnor@gmail.com','Human-Centred Computing',4,'AM005','IM014','2025-04-01','2025-06-24'),('S040','Jasmine Hansen','jasmine.hansen@gmail.com','Computational Modelling and Programming',2,'AM016','IM020','2025-04-01','2025-06-24'),('S041','Angelica Johnson','angelica.johnson@gmail.com','Professional Project Management',1,'AM006','IM002','2025-04-01','2025-06-24'),('S042','Paul Richards','paul.richards@gmail.com','Professional Project Management',2,'AM005','IM007','2025-04-01','2025-06-24'),('S043','Jeffrey Bender','jeffrey.bender@gmail.com','Research Methods in Computing',1,'AM013','IM012','2025-04-01','2025-06-24'),('S044','Bruce Mendez','bruce.mendez@gmail.com','Business Intelligence and Strategy',1,'AM005','IM008','2025-04-01','2025-06-24'),('S045','David Floyd','david.floyd@gmail.com','Software Engineering Principles',4,'AM015','IM016','2025-04-01','2025-06-24'),('S046','Kenneth Lara','kenneth.lara@gmail.com','Interactive Media Design',1,'AM008','IM019','2025-04-01','2025-06-24'),('S047','Regina Allen','regina.allen@gmail.com','Professional Project Management',1,'AM018','IM005','2025-04-01','2025-06-24'),('S048','Jenny Ferguson','jenny.ferguson@gmail.com','Research Methods in Computing',3,'AM007','IM006','2025-04-01','2025-06-24'),('S049','Patrick Barnes','patrick.barnes@gmail.com','Artificial Intelligence and Machine Learning',4,'AM010','IM001','2025-04-01','2025-06-24'),('S050','William Davidson','william.davidson@gmail.com','Business Intelligence and Strategy',4,'AM017','IM010','2025-04-01','2025-06-24'),('S051','Tony Davis','tony.davis@gmail.com','Business Intelligence and Strategy',4,'AM017','IM011','2025-04-01','2025-06-24'),('S052','Lisa Malone','lisa.malone@gmail.com','Information Systems Management',3,'AM008','IM003','2025-04-01','2025-06-24'),('S053','Willie Clayton','willie.clayton@gmail.com','Research Methods in Computing',2,'AM003','IM006','2025-04-01','2025-06-24'),('S054','Amy Gay','amy.gay@gmail.com','Computational Modelling and Programming',4,'AM016','IM011','2025-04-01','2025-06-24'),('S055','William Jimenez','william.jimenez@gmail.com','Human-Centred Computing',1,'AM009','IM018','2025-04-01','2025-06-24'),('S056','Lisa Taylor','lisa.taylor@gmail.com','Software Engineering Principles',4,'AM013','IM014','2025-04-01','2025-06-24'),('S057','Sydney Cohen','sydney.cohen@gmail.com','Research Methods in Computing',4,'AM014','IM004','2025-04-01','2025-06-24'),('S058','Shawn Grant','shawn.grant@gmail.com','Software Engineering Principles',1,'AM016','IM011','2025-04-01','2025-06-24'),('S059','Alison Harris','alison.harris@gmail.com','Research Methods in Computing',2,'AM005','IM010','2025-04-01','2025-06-24'),('S060','Valerie Ashley','valerie.ashley@gmail.com','Professional Project Management',1,'AM015','IM004','2025-04-01','2025-06-24'),('S061','Kim Brewer','kim.brewer@gmail.com','Research Methods in Computing',4,'AM015','IM012','2025-04-01','2025-06-24'),('S062','Joshua Erickson','joshua.erickson@gmail.com','Research Methods in Computing',3,'AM007','IM001','2025-04-01','2025-06-24'),('S063','Michael Hahn','michael.hahn@gmail.com','Information Systems Management',3,'AM004','IM004','2025-04-01','2025-06-24'),('S064','Matthew Contreras','matthew.contreras@gmail.com','Interactive Media Design',2,'AM009','IM011','2025-04-01','2025-06-24'),('S065','Jocelyn Schaefer','jocelyn.schaefer@gmail.com','Human-Centred Computing',4,'AM010','IM005','2025-04-01','2025-06-24'),('S066','Kari Mcclure','kari.mcclure@gmail.com','Professional Project Management',1,'AM017','IM012','2025-04-01','2025-06-24'),('S067','Denise Williams','denise.williams@gmail.com','Computational Modelling and Programming',1,'AM017','IM005','2025-04-01','2025-06-24'),('S068','Adrienne Mccormick','adrienne.mccormick@gmail.com','Business Intelligence and Strategy',3,'AM018','IM003','2025-04-01','2025-06-24'),('S069','Jennifer Hill','jennifer.hill@gmail.com','Business Intelligence and Strategy',1,'AM009','IM008','2025-04-01','2025-06-24'),('S070','Tiffany Kemp','tiffany.kemp@gmail.com','Cybersecurity and Ethical Hacking',1,'AM018','IM019','2025-04-01','2025-06-24'),('S071','Mary Smith DVM','mary.smith.dvm@gmail.com','Interactive Media Design',4,'AM007','IM008','2025-04-01','2025-06-24'),('S072','Kaitlin Santos','kaitlin.santos@gmail.com','Information Systems Management',2,'AM013','IM012','2025-04-01','2025-06-24'),('S073','Kevin Hall','kevin.hall@gmail.com','Applied Data Science',1,'AM011','IM018','2025-04-01','2025-06-24'),('S074','Carlos Perez','carlos.perez@gmail.com','Professional Project Management',1,'AM012','IM003','2025-04-01','2025-06-24'),('S075','Hannah French','hannah.french@gmail.com','Research Methods in Computing',4,'AM020','IM012','2025-04-01','2025-06-24'),('S076','Abigail Burton','abigail.burton@gmail.com','Interactive Media Design',3,'AM002','IM012','2025-04-01','2025-06-24'),('S077','Lynn Lewis','lynn.lewis@gmail.com','Information Systems Management',1,'AM009','IM018','2025-04-01','2025-06-24'),('S078','Nicole Crawford','nicole.crawford@gmail.com','Information Systems Management',2,'AM001','IM004','2025-04-01','2025-06-24'),('S079','Amanda Santana','amanda.santana@gmail.com','Big Data Analysis and Visualisation',1,'AM009','IM012','2025-04-01','2025-06-24'),('S080','Mary Lewis','mary.lewis@gmail.com','Applied Data Science',1,'AM001','IM014','2025-04-01','2025-06-24'),('S081','Lisa Hunt','lisa.hunt@gmail.com','Professional Project Management',3,'AM020','IM014','2025-04-01','2025-06-24'),('S082','Michelle Landry','michelle.landry@gmail.com','Research Methods in Computing',3,'AM004','IM011','2025-04-01','2025-06-24'),('S083','Lauren Collins','lauren.collins@gmail.com','Professional Project Management',1,'AM017','IM002','2025-04-01','2025-06-24'),('S084','Alan Rogers','alan.rogers@gmail.com','Professional Project Management',4,'AM016','IM004','2025-04-01','2025-06-24'),('S085','Victoria Young','victoria.young@gmail.com','Artificial Intelligence and Machine Learning',3,'AM003','IM019','2025-04-01','2025-06-24'),('S086','Sarah Sanchez','sarah.sanchez@gmail.com','Cybersecurity and Ethical Hacking',1,'AM013','IM018','2025-04-01','2025-06-24'),('S087','Martha Horton DDS','martha.horton.dds@gmail.com','Business Intelligence and Strategy',3,'AM019','IM008','2025-04-01','2025-06-24'),('S088','Kimberly Fields','kimberly.fields@gmail.com','Big Data Analysis and Visualisation',4,'AM017','IM019','2025-04-01','2025-06-24'),('S089','Donald Petty','donald.petty@gmail.com','Information Systems Management',4,'AM017','IM001','2025-04-01','2025-06-24'),('S090','Deanna Hopkins','deanna.hopkins@gmail.com','Cybersecurity and Ethical Hacking',4,'AM003','IM006','2025-04-01','2025-06-24'),('S091','Christina Gonzalez DVM','christina.gonzalez.dvm@gmail.com','Applied Data Science',2,'AM001','IM001','2025-04-01','2025-06-24'),('S092','Randall Thomas','randall.thomas@gmail.com','Information Systems Management',4,'AM018','IM018','2025-04-01','2025-06-24'),('S093','Christopher Shields','christopher.shields@gmail.com','Big Data Analysis and Visualisation',3,'AM018','IM017','2025-04-01','2025-06-24'),('S094','Shawn Mccann','shawn.mccann@gmail.com','Big Data Analysis and Visualisation',1,'AM005','IM016','2025-04-01','2025-06-24'),('S095','Sarah Cooke','sarah.cooke@gmail.com','Software Engineering Principles',3,'AM004','IM008','2025-04-01','2025-06-24'),('S096','Erin Church','erin.church@gmail.com','Human-Centred Computing',3,'AM001','IM001','2025-04-01','2025-06-24'),('S097','Jason Martin','jason.martin@gmail.com','Software Engineering Principles',3,'AM001','IM004','2025-04-01','2025-06-24'),('S098','Kayla Buchanan','kayla.buchanan@gmail.com','Artificial Intelligence and Machine Learning',3,'AM015','IM015','2025-04-01','2025-06-24'),('S099','Michelle Patel','michelle.patel@gmail.com','Computational Modelling and Programming',4,'AM016','IM010','2025-04-01','2025-06-24'),('S100','Linda Edwards','linda.edwards@gmail.com','Professional Project Management',2,'AM016','IM011','2025-04-01','2025-06-24');
/*!40000 ALTER TABLE `students` ENABLE KEYS */;
UNLOCK TABLES;
/*!40103 SET TIME_ZONE=@OLD_TIME_ZONE */;

/*!40101 SET SQL_MODE=@OLD_SQL_MODE */;
/*!40014 SET FOREIGN_KEY_CHECKS=@OLD_FOREIGN_KEY_CHECKS */;
/*!40014 SET UNIQUE_CHECKS=@OLD_UNIQUE_CHECKS */;
/*!40101 SET CHARACTER_SET_CLIENT=@OLD_CHARACTER_SET_CLIENT */;
/*!40101 SET CHARACTER_SET_RESULTS=@OLD_CHARACTER_SET_RESULTS */;
/*!40101 SET COLLATION_CONNECTION=@OLD_COLLATION_CONNECTION */;
/*!40111 SET SQL_NOTES=@OLD_SQL_NOTES */;

-- Dump completed on 2025-08-11 11:24:14
