-- MySQL dump 10.13  Distrib 8.0.42, for Win64 (x86_64)
--
-- Host: localhost    Database: master_db
-- ------------------------------------------------------
-- Server version	8.0.42

/*!40101 SET @OLD_CHARACTER_SET_CLIENT=@@CHARACTER_SET_CLIENT */;
/*!40101 SET @OLD_CHARACTER_SET_RESULTS=@@CHARACTER_SET_RESULTS */;
/*!40101 SET @OLD_COLLATION_CONNECTION=@@COLLATION_CONNECTION */;
/*!50503 SET NAMES utf8 */;
/*!40103 SET @OLD_TIME_ZONE=@@TIME_ZONE */;
/*!40103 SET TIME_ZONE='+00:00' */;
/*!40014 SET @OLD_UNIQUE_CHECKS=@@UNIQUE_CHECKS, UNIQUE_CHECKS=0 */;
/*!40014 SET @OLD_FOREIGN_KEY_CHECKS=@@FOREIGN_KEY_CHECKS, FOREIGN_KEY_CHECKS=0 */;
/*!40101 SET @OLD_SQL_MODE=@@SQL_MODE, SQL_MODE='NO_AUTO_VALUE_ON_ZERO' */;
/*!40111 SET @OLD_SQL_NOTES=@@SQL_NOTES, SQL_NOTES=0 */;

--
-- Table structure for table `academic_progress`
--

DROP TABLE IF EXISTS `academic_progress`;
/*!40101 SET @saved_cs_client     = @@character_set_client */;
/*!50503 SET character_set_client = utf8mb4 */;
CREATE TABLE `academic_progress` (
  `academic_progress_id` varchar(10) NOT NULL,
  `student_id` varchar(10) DEFAULT NULL,
  `percentage` int DEFAULT NULL,
  `assignment` text,
  `attendance` int DEFAULT NULL,
  `last_update` date DEFAULT NULL,
  PRIMARY KEY (`academic_progress_id`),
  KEY `student_fk_progress_idx` (`student_id`),
  CONSTRAINT `student_fk_progress` FOREIGN KEY (`student_id`) REFERENCES `students` (`student_id`)
) ENGINE=InnoDB DEFAULT CHARSET=utf8mb4 COLLATE=utf8mb4_0900_ai_ci;
/*!40101 SET character_set_client = @saved_cs_client */;

--
-- Dumping data for table `academic_progress`
--

LOCK TABLES `academic_progress` WRITE;
/*!40000 ALTER TABLE `academic_progress` DISABLE KEYS */;
INSERT INTO `academic_progress` VALUES ('AP001','S001',92,'C1',89,'2025-08-03'),('AP002','S002',54,'B2',96,'2025-08-02'),('AP003','S003',41,'C1',84,'2025-08-02'),('AP004','S004',41,'Fail',77,'2025-08-02'),('AP005','S005',59,'Fail',73,'2025-08-02'),('AP006','S006',85,'B1',72,'2025-08-02'),('AP007','S007',77,'B1',86,'2025-08-02'),('AP008','S008',98,'Fail',73,'2025-08-02'),('AP009','S009',45,'B1',96,'2025-08-01'),('AP010','S010',76,'B2',84,'2025-08-02'),('AP011','S011',47,'B1',63,'2025-08-01'),('AP012','S012',84,'A1',82,'2025-08-02'),('AP013','S013',53,'C1',81,'2025-08-01'),('AP014','S014',95,'B2',86,'2025-08-03'),('AP015','S015',87,'B1',73,'2025-08-02'),('AP016','S016',78,'Fail',92,'2025-08-03'),('AP017','S017',60,'B1',73,'2025-08-01'),('AP018','S018',69,'B2',90,'2025-08-01'),('AP019','S019',88,'B2',100,'2025-08-01'),('AP020','S020',73,'Fail',85,'2025-08-02'),('AP021','S021',68,'C1',66,'2025-08-02'),('AP022','S022',91,'B2',60,'2025-08-03'),('AP023','S023',90,'B1',63,'2025-08-03'),('AP024','S024',64,'Fail',73,'2025-08-02'),('AP025','S025',68,'B1',94,'2025-08-02'),('AP026','S026',84,'B1',70,'2025-08-01'),('AP027','S027',70,'Fail',74,'2025-08-02'),('AP028','S028',83,'A1',67,'2025-08-01'),('AP029','S029',68,'Fail',94,'2025-08-01'),('AP030','S030',42,'C1',86,'2025-08-01'),('AP031','S031',65,'B2',79,'2025-08-01'),('AP032','S032',96,'B2',79,'2025-08-01'),('AP033','S033',55,'Fail',67,'2025-08-03'),('AP034','S034',71,'B1',68,'2025-08-02'),('AP035','S035',41,'A1',61,'2025-08-02'),('AP036','S036',84,'B2',65,'2025-08-02'),('AP037','S037',50,'C1',82,'2025-08-03'),('AP038','S038',80,'B2',79,'2025-08-03'),('AP039','S039',69,'B2',62,'2025-08-02'),('AP040','S040',54,'C1',99,'2025-08-03'),('AP041','S041',77,'C1',68,'2025-08-02'),('AP042','S042',77,'C1',60,'2025-08-01'),('AP043','S043',55,'Fail',64,'2025-08-01'),('AP044','S044',55,'C1',84,'2025-08-03'),('AP045','S045',55,'Fail',73,'2025-08-03'),('AP046','S046',94,'B1',82,'2025-08-03'),('AP047','S047',48,'A1',94,'2025-08-02'),('AP048','S048',78,'C1',97,'2025-08-01'),('AP049','S049',48,'C1',91,'2025-08-01'),('AP050','S050',62,'C1',68,'2025-08-01'),('AP051','S051',44,'C1',71,'2025-08-03'),('AP052','S052',91,'B1',100,'2025-08-02'),('AP053','S053',95,'B2',97,'2025-08-02'),('AP054','S054',55,'A1',97,'2025-08-02'),('AP055','S055',76,'B1',80,'2025-08-02'),('AP056','S056',50,'B2',72,'2025-08-02'),('AP057','S057',75,'Fail',60,'2025-08-02'),('AP058','S058',50,'A1',86,'2025-08-02'),('AP059','S059',95,'C1',94,'2025-08-02'),('AP060','S060',94,'C1',79,'2025-08-01'),('AP061','S061',65,'B2',97,'2025-08-01'),('AP062','S062',76,'Fail',91,'2025-08-01'),('AP063','S063',72,'B1',96,'2025-08-01'),('AP064','S064',43,'A1',85,'2025-08-03'),('AP065','S065',53,'A1',65,'2025-08-01'),('AP066','S066',54,'C1',78,'2025-08-02'),('AP067','S067',40,'B1',65,'2025-08-02'),('AP068','S068',49,'C1',82,'2025-08-03'),('AP069','S069',79,'B1',95,'2025-08-03'),('AP070','S070',44,'Fail',70,'2025-08-02'),('AP071','S071',46,'A1',88,'2025-08-03'),('AP072','S072',41,'B1',95,'2025-08-02'),('AP073','S073',87,'C1',94,'2025-08-02'),('AP074','S074',75,'C1',76,'2025-08-02'),('AP075','S075',89,'A1',63,'2025-08-01'),('AP076','S076',43,'B1',62,'2025-08-02'),('AP077','S077',62,'C1',69,'2025-08-03'),('AP078','S078',45,'B2',62,'2025-08-01'),('AP079','S079',76,'C1',91,'2025-08-01'),('AP080','S080',69,'C1',77,'2025-08-02'),('AP081','S081',68,'B2',64,'2025-08-02'),('AP082','S082',92,'Fail',92,'2025-08-02'),('AP083','S083',93,'A1',91,'2025-08-03'),('AP084','S084',83,'A1',84,'2025-08-01'),('AP085','S085',95,'C1',68,'2025-08-01'),('AP086','S086',69,'A1',86,'2025-08-02'),('AP087','S087',86,'Fail',69,'2025-08-01'),('AP088','S088',97,'B1',92,'2025-08-02'),('AP089','S089',59,'B1',61,'2025-08-02'),('AP090','S090',89,'C1',61,'2025-08-03'),('AP091','S091',74,'Fail',66,'2025-08-02'),('AP092','S092',80,'C1',86,'2025-08-01'),('AP093','S093',75,'C1',61,'2025-08-02'),('AP094','S094',81,'A1',89,'2025-08-02'),('AP095','S095',66,'B1',82,'2025-08-01'),('AP096','S096',54,'B1',76,'2025-08-03'),('AP097','S097',69,'B2',70,'2025-08-03'),('AP098','S098',80,'B2',90,'2025-08-02'),('AP099','S099',77,'C1',90,'2025-08-03'),('AP100','S100',49,'C1',95,'2025-08-01');
/*!40000 ALTER TABLE `academic_progress` ENABLE KEYS */;
UNLOCK TABLES;

--
-- Table structure for table `academnic_mentors`
--

DROP TABLE IF EXISTS `academnic_mentors`;
/*!40101 SET @saved_cs_client     = @@character_set_client */;
/*!50503 SET character_set_client = utf8mb4 */;
CREATE TABLE `academnic_mentors` (
  `mentor_id` varchar(10) NOT NULL,
  `name` text,
  `email` varchar(50) DEFAULT NULL,
  `university` text,
  PRIMARY KEY (`mentor_id`)
) ENGINE=InnoDB DEFAULT CHARSET=utf8mb4 COLLATE=utf8mb4_0900_ai_ci;
/*!40101 SET character_set_client = @saved_cs_client */;

--
-- Dumping data for table `academnic_mentors`
--

LOCK TABLES `academnic_mentors` WRITE;
/*!40000 ALTER TABLE `academnic_mentors` DISABLE KEYS */;
INSERT INTO `academnic_mentors` VALUES ('AM001','Danny Bass','danny.bass@glasgow.ac.uk','University of Glasgow'),('AM002','Pamela Ryan','pamela.ryan@edinburgh.ac.uk','University of Edinburgh'),('AM003','Joseph Williams','joseph.williams@glasgow.ac.uk','University of Glasgow'),('AM004','Carlos Anthony','carlos.anthony@edinburgh.ac.uk','University of Edinburgh'),('AM005','Kristina Cox','kristina.cox@edinburgh.ac.uk','University of Edinburgh'),('AM006','Emily Clark','emily.clark@glasgow.ac.uk','University of Glasgow'),('AM007','Amy Gomez','amy.gomez@glasgow.ac.uk','University of Glasgow'),('AM008','Zachary Baker','zachary.baker@glasgow.ac.uk','University of Glasgow'),('AM009','William Cervantes','william.cervantes@dundee.ac.uk','University of Dundee'),('AM010','Marcus Ayala','marcus.ayala@dundee.ac.uk','University of Dundee'),('AM011','Richard Jones','richard.jones@glasgow.ac.uk','University of Glasgow'),('AM012','Jennifer Rich','jennifer.rich@edinburgh.ac.uk','University of Edinburgh'),('AM013','Lauren Ortiz','lauren.ortiz@edinburgh.ac.uk','University of Edinburgh'),('AM014','Joshua Phillips','joshua.phillips@dundee.ac.uk','University of Dundee'),('AM015','Thomas Hardy','thomas.hardy@dundee.ac.uk','University of Dundee'),('AM016','Tyrone Boone','tyrone.boone@glasgow.ac.uk','University of Glasgow'),('AM017','Brooke Foster','brooke.foster@dundee.ac.uk','University of Dundee'),('AM018','Erin Rowland','erin.rowland@edinburgh.ac.uk','University of Edinburgh'),('AM019','Ashley Fields','ashley.fields@glasgow.ac.uk','University of Glasgow'),('AM020','Natalie Perry','natalie.perry@edinburgh.ac.uk','University of Edinburgh');
/*!40000 ALTER TABLE `academnic_mentors` ENABLE KEYS */;
UNLOCK TABLES;

--
-- Table structure for table `assignment`
--

DROP TABLE IF EXISTS `assignment`;
/*!40101 SET @saved_cs_client     = @@character_set_client */;
/*!50503 SET character_set_client = utf8mb4 */;
CREATE TABLE `assignment` (
  `assignment_id` varchar(10) NOT NULL,
  `student_id` varchar(10) DEFAULT NULL,
  `total_assignments` int DEFAULT NULL,
  `submitted_assignments` int DEFAULT NULL,
  `assignment_grade` text,
  PRIMARY KEY (`assignment_id`),
  KEY `fkstudents_idx` (`student_id`),
  KEY `fkassignments_student_idx` (`student_id`),
  CONSTRAINT `fkassignments_student` FOREIGN KEY (`student_id`) REFERENCES `students` (`student_id`)
) ENGINE=InnoDB DEFAULT CHARSET=utf8mb4 COLLATE=utf8mb4_0900_ai_ci;
/*!40101 SET character_set_client = @saved_cs_client */;

--
-- Dumping data for table `assignment`
--

LOCK TABLES `assignment` WRITE;
/*!40000 ALTER TABLE `assignment` DISABLE KEYS */;
INSERT INTO `assignment` VALUES ('AS001','S001',5,2,'C1'),('AS002','S002',4,2,'B2'),('AS003','S003',5,2,'C1'),('AS004','S004',3,0,'Fail'),('AS005','S005',4,0,'Fail'),('AS006','S006',3,2,'B1'),('AS007','S007',4,3,'B1'),('AS008','S008',5,0,'Fail'),('AS009','S009',5,4,'B1'),('AS010','S010',5,3,'B2'),('AS011','S011',3,2,'B1'),('AS012','S012',4,4,'A1'),('AS013','S013',5,1,'C1'),('AS014','S014',4,2,'B2'),('AS015','S015',4,3,'B1'),('AS016','S016',4,0,'Fail'),('AS017','S017',3,2,'B1'),('AS018','S018',4,2,'B2'),('AS019','S019',4,2,'B2'),('AS020','S020',4,0,'Fail'),('AS021','S021',5,1,'C1'),('AS022','S022',3,1,'B2'),('AS023','S023',3,2,'B1'),('AS024','S024',3,0,'Fail'),('AS025','S025',4,3,'B1'),('AS026','S026',3,2,'B1'),('AS027','S027',5,0,'Fail'),('AS028','S028',4,4,'A1'),('AS029','S029',3,0,'Fail'),('AS030','S030',4,1,'C1'),('AS031','S031',3,1,'B2'),('AS032','S032',4,2,'B2'),('AS033','S033',4,0,'Fail'),('AS034','S034',3,2,'B1'),('AS035','S035',4,4,'A1'),('AS036','S036',4,2,'B2'),('AS037','S037',5,1,'C1'),('AS038','S038',3,1,'B2'),('AS039','S039',3,1,'B2'),('AS040','S040',4,1,'C1'),('AS041','S041',4,1,'C1'),('AS042','S042',4,1,'C1'),('AS043','S043',5,0,'Fail'),('AS044','S044',4,1,'C1'),('AS045','S045',3,0,'Fail'),('AS046','S046',5,4,'B1'),('AS047','S047',5,5,'A1'),('AS048','S048',4,1,'C1'),('AS049','S049',4,1,'C1'),('AS050','S050',5,2,'C1'),('AS051','S051',5,2,'C1'),('AS052','S052',3,2,'B1'),('AS053','S053',4,2,'B2'),('AS054','S054',4,4,'A1'),('AS055','S055',5,4,'B1'),('AS056','S056',3,1,'B2'),('AS057','S057',3,0,'Fail'),('AS058','S058',5,5,'A1'),('AS059','S059',5,1,'C1'),('AS060','S060',4,1,'C1'),('AS061','S061',3,1,'B2'),('AS062','S062',5,0,'Fail'),('AS063','S063',4,3,'B1'),('AS064','S064',4,4,'A1'),('AS065','S065',4,4,'A1'),('AS066','S066',4,1,'C1'),('AS067','S067',3,2,'B1'),('AS068','S068',5,2,'C1'),('AS069','S069',3,2,'B1'),('AS070','S070',4,0,'Fail'),('AS071','S071',3,3,'A1'),('AS072','S072',5,4,'B1'),('AS073','S073',5,2,'C1'),('AS074','S074',5,2,'C1'),('AS075','S075',3,3,'A1'),('AS076','S076',3,2,'B1'),('AS077','S077',4,1,'C1'),('AS078','S078',4,2,'B2'),('AS079','S079',5,2,'C1'),('AS080','S080',4,1,'C1'),('AS081','S081',5,3,'B2'),('AS082','S082',5,0,'Fail'),('AS083','S083',5,5,'A1'),('AS084','S084',4,4,'A1'),('AS085','S085',4,1,'C1'),('AS086','S086',4,4,'A1'),('AS087','S087',4,0,'Fail'),('AS088','S088',3,2,'B1'),('AS089','S089',5,4,'B1'),('AS090','S090',4,1,'C1'),('AS091','S091',4,0,'Fail'),('AS092','S092',4,1,'C1'),('AS093','S093',4,1,'C1'),('AS094','S094',4,4,'A1'),('AS095','S095',3,2,'B1'),('AS096','S096',3,2,'B1'),('AS097','S097',5,3,'B2'),('AS098','S098',5,3,'B2'),('AS099','S099',4,1,'C1'),('AS100','S100',5,2,'C1');
/*!40000 ALTER TABLE `assignment` ENABLE KEYS */;
UNLOCK TABLES;

--
-- Table structure for table `industry_mentors`
--

DROP TABLE IF EXISTS `industry_mentors`;
/*!40101 SET @saved_cs_client     = @@character_set_client */;
/*!50503 SET character_set_client = utf8mb4 */;
CREATE TABLE `industry_mentors` (
  `mentor_id` varchar(10) NOT NULL,
  `name` text,
  `email` varchar(50) DEFAULT NULL,
  `employer` text,
  PRIMARY KEY (`mentor_id`)
) ENGINE=InnoDB DEFAULT CHARSET=utf8mb4 COLLATE=utf8mb4_0900_ai_ci;
/*!40101 SET character_set_client = @saved_cs_client */;

--
-- Dumping data for table `industry_mentors`
--

LOCK TABLES `industry_mentors` WRITE;
/*!40000 ALTER TABLE `industry_mentors` DISABLE KEYS */;
INSERT INTO `industry_mentors` VALUES ('IM001','Donald Stevens','yvonne68@thompson.com','Barclays Technology Centre'),('IM002','Alexander Long','geoffrey91@peterson.com','Accenture Scotland'),('IM003','Amy Bond','cynthiaroberts@galloway.com','IBM UK Ltd.'),('IM004','Emily Foster','kathryn64@hopkins-benson.com','BAE Systems Applied Intelligence'),('IM005','Lindsey Pitts','erik10@johnson.net','IBM UK Ltd.'),('IM006','Jeremy Simmons','wmann@bell.com','Amazon Development Centre Scotland'),('IM007','Kevin Franklin','richard17@steele-drake.com','Accenture Scotland'),('IM008','Christopher Kaiser','nortonpeter@fox-daniel.com','IBM UK Ltd.'),('IM009','Kelly Schaefer','daniel54@jones-heath.com','Tata Consultancy Services'),('IM010','Andrea Ward','johnsonjennifer@joyce-robinson.com','BAE Systems Applied Intelligence'),('IM011','Nicholas Mills','mariawebster@walter.com','Amazon Development Centre Scotland'),('IM012','Douglas James','thorntonapril@marshall-glover.com','Morgan Stanley'),('IM013','David Jimenez','brianfrey@gomez-webb.info','Deloitte UK'),('IM014','Samantha Jackson','erodriguez@mccall.biz','Amazon Development Centre Scotland'),('IM015','Amanda Carter','pking@blankenship.com','IBM UK Ltd.'),('IM016','Taylor Avery','carolyn12@holloway.biz','Morgan Stanley'),('IM017','Anthony Gould','kellerbrenda@flynn-mercer.org','Morgan Stanley'),('IM018','Cynthia Phillips','petersonjames@austin-silva.biz','Tata Consultancy Services'),('IM019','Dwayne Maddox','linda75@shepard.net','Morgan Stanley'),('IM020','Keith Wise','rosedavis@diaz.com','Amazon Development Centre Scotland');
/*!40000 ALTER TABLE `industry_mentors` ENABLE KEYS */;
UNLOCK TABLES;

--
-- Table structure for table `industry_progress`
--

DROP TABLE IF EXISTS `industry_progress`;
/*!40101 SET @saved_cs_client     = @@character_set_client */;
/*!50503 SET character_set_client = utf8mb4 */;
CREATE TABLE `industry_progress` (
  `industry_id` varchar(10) NOT NULL,
  `student_id` varchar(10) DEFAULT NULL,
  `attendance` int DEFAULT NULL,
  `Project` int DEFAULT NULL,
  PRIMARY KEY (`industry_id`),
  KEY `fkStudents_idx` (`student_id`),
  CONSTRAINT `fkStudents` FOREIGN KEY (`student_id`) REFERENCES `students` (`student_id`)
) ENGINE=InnoDB DEFAULT CHARSET=utf8mb4 COLLATE=utf8mb4_0900_ai_ci;
/*!40101 SET character_set_client = @saved_cs_client */;

--
-- Dumping data for table `industry_progress`
--

LOCK TABLES `industry_progress` WRITE;
/*!40000 ALTER TABLE `industry_progress` DISABLE KEYS */;
INSERT INTO `industry_progress` VALUES ('IL001','S001',75,2),('IL002','S002',62,2),('IL003','S003',86,2),('IL004','S004',86,2),('IL005','S005',67,2),('IL006','S006',75,1),('IL007','S007',82,2),('IL008','S008',76,1),('IL009','S009',82,2),('IL010','S010',69,2),('IL011','S011',92,2),('IL012','S012',97,1),('IL013','S013',96,2),('IL014','S014',76,1),('IL015','S015',82,2),('IL016','S016',73,1),('IL017','S017',72,1),('IL018','S018',81,1),('IL019','S019',98,2),('IL020','S020',77,2),('IL021','S021',85,2),('IL022','S022',87,2),('IL023','S023',88,2),('IL024','S024',93,1),('IL025','S025',92,1),('IL026','S026',97,1),('IL027','S027',82,2),('IL028','S028',73,2),('IL029','S029',95,1),('IL030','S030',98,2),('IL031','S031',85,2),('IL032','S032',65,2),('IL033','S033',95,2),('IL034','S034',65,2),('IL035','S035',97,2),('IL036','S036',80,2),('IL037','S037',92,2),('IL038','S038',89,1),('IL039','S039',97,1),('IL040','S040',83,2),('IL041','S041',76,1),('IL042','S042',96,1),('IL043','S043',74,1),('IL044','S044',82,1),('IL045','S045',85,1),('IL046','S046',97,1),('IL047','S047',69,1),('IL048','S048',90,1),('IL049','S049',92,2),('IL050','S050',97,2),('IL051','S051',87,2),('IL052','S052',62,1),('IL053','S053',62,2),('IL054','S054',69,2),('IL055','S055',77,1),('IL056','S056',76,2),('IL057','S057',91,1),('IL058','S058',82,2),('IL059','S059',84,2),('IL060','S060',63,2),('IL061','S061',79,2),('IL062','S062',94,2),('IL063','S063',95,2),('IL064','S064',64,2),('IL065','S065',77,2),('IL066','S066',91,2),('IL067','S067',72,1),('IL068','S068',68,2),('IL069','S069',72,2),('IL070','S070',79,1),('IL071','S071',84,2),('IL072','S072',71,1),('IL073','S073',76,2),('IL074','S074',64,2),('IL075','S075',79,2),('IL076','S076',73,2),('IL077','S077',84,1),('IL078','S078',89,2),('IL079','S079',75,1),('IL080','S080',65,2),('IL081','S081',73,2),('IL082','S082',75,2),('IL083','S083',77,1),('IL084','S084',73,1),('IL085','S085',60,2),('IL086','S086',92,1),('IL087','S087',65,2),('IL088','S088',93,2),('IL089','S089',81,1),('IL090','S090',97,1),('IL091','S091',63,1),('IL092','S092',65,2),('IL093','S093',74,1),('IL094','S094',85,2),('IL095','S095',93,2),('IL096','S096',88,1),('IL097','S097',95,2),('IL098','S098',64,1),('IL099','S099',92,2),('IL100','S100',81,2);
/*!40000 ALTER TABLE `industry_progress` ENABLE KEYS */;
UNLOCK TABLES;

--
-- Table structure for table `master_mmms`
--

DROP TABLE IF EXISTS `master_mmms`;
/*!40101 SET @saved_cs_client     = @@character_set_client */;
/*!50503 SET character_set_client = utf8mb4 */;
CREATE TABLE `master_mmms` (
  `master_id` int NOT NULL AUTO_INCREMENT,
  `student_id` varchar(10) DEFAULT NULL,
  `name` text,
  `email` varchar(50) DEFAULT NULL,
  `course` text,
  `current_Year` int DEFAULT NULL,
  `academic_mentors` varchar(10) DEFAULT NULL,
  `academic_mentor_name` text,
  `academic_mentor_email` varchar(50) DEFAULT NULL,
  `academic_mentor_university` text,
  `industry_mentors` varchar(50) DEFAULT NULL,
  `industry_mentor_name` text,
  `industry_mentor_email` varchar(50) DEFAULT NULL,
  `industry_mentor_employer` text,
  `assignment_id` varchar(50) DEFAULT NULL,
  `total_assignments` int DEFAULT NULL,
  `submitted_assignments` int DEFAULT NULL,
  `assignment_grade` text,
  `academic_progress_id` varchar(50) DEFAULT NULL,
  `percentage` int DEFAULT NULL,
  `assignment` text,
  `attendance_x` int DEFAULT NULL,
  `last_update` date DEFAULT NULL,
  `industry_id` varchar(50) DEFAULT NULL,
  `attendance_y` int DEFAULT NULL,
  `Project` int DEFAULT NULL,
  `meeting_id` varchar(50) DEFAULT NULL,
  `mentor_id` varchar(50) DEFAULT NULL,
  `date` date DEFAULT NULL,
  `request_id` varchar(50) DEFAULT NULL,
  `reason` text,
  `category` text,
  PRIMARY KEY (`master_id`),
  KEY `fk_students_idx` (`student_id`),
  KEY `fk_master_academic_mentor_idx` (`academic_mentors`),
  KEY `fk_industry_mentor_id_idx` (`industry_mentors`),
  KEY `fk_requests_idx` (`request_id`),
  KEY `fkmaster_request_idx` (`request_id`),
  CONSTRAINT `fk_industry_mentor_id` FOREIGN KEY (`industry_mentors`) REFERENCES `industry_mentors` (`mentor_id`),
  CONSTRAINT `fk_master_academic_mentor` FOREIGN KEY (`academic_mentors`) REFERENCES `academnic_mentors` (`mentor_id`),
  CONSTRAINT `fk_master_student_id` FOREIGN KEY (`student_id`) REFERENCES `students` (`student_id`)
) ENGINE=InnoDB AUTO_INCREMENT=101 DEFAULT CHARSET=utf8mb4 COLLATE=utf8mb4_0900_ai_ci;
/*!40101 SET character_set_client = @saved_cs_client */;

--
-- Dumping data for table `master_mmms`
--

LOCK TABLES `master_mmms` WRITE;
/*!40000 ALTER TABLE `master_mmms` DISABLE KEYS */;
INSERT INTO `master_mmms` VALUES (1,'S001','Ryan Sweeney','ryan.sweeney@gmail.com','Human-Centred Computing',2,'AM020','Natalie Perry','natalie.perry@edinburgh.ac.uk','University of Edinburgh','IM013','David Jimenez','brianfrey@gomez-webb.info','Deloitte UK','AS001',5,2,'C1','AP001',92,'C1',89,'2025-08-03','IL001',75,2,'MEET000','IM013','2025-08-01','','',''),(2,'S002','Joseph Wells','joseph.wells@gmail.com','Interactive Media Design',4,'AM012','Jennifer Rich','jennifer.rich@edinburgh.ac.uk','University of Edinburgh','IM010','Andrea Ward','johnsonjennifer@joyce-robinson.com','BAE Systems Applied Intelligence','AS002',4,2,'B2','AP002',54,'B2',96,'2025-08-02','IL002',62,2,'MEET001','AM012','2025-08-01','RQ014','Medical Emergency','assignment'),(3,'S003','Robert Miller','robert.miller@gmail.com','Software Engineering Principles',1,'AM005','Kristina Cox','kristina.cox@edinburgh.ac.uk','University of Edinburgh','IM019','Dwayne Maddox','linda75@shepard.net','Morgan Stanley','AS003',5,2,'C1','AP003',41,'C1',84,'2025-08-02','IL003',86,2,'MEET002','AM005','2025-08-01','','',''),(4,'S004','Lisa Huffman','lisa.huffman@gmail.com','Research Methods in Computing',2,'AM015','Thomas Hardy','thomas.hardy@dundee.ac.uk','University of Dundee','IM001','Donald Stevens','yvonne68@thompson.com','Barclays Technology Centre','AS004',3,0,'Fail','AP004',41,'Fail',77,'2025-08-02','IL004',86,2,'MEET003','AM015','2025-08-01','RQ024','Family Emergency','attendance'),(5,'S005','Matthew Walton','matthew.walton@gmail.com','Cybersecurity and Ethical Hacking',3,'AM006','Emily Clark','emily.clark@glasgow.ac.uk','University of Glasgow','IM018','Cynthia Phillips','petersonjames@austin-silva.biz','Tata Consultancy Services','AS005',4,0,'Fail','AP005',59,'Fail',73,'2025-08-02','IL005',67,2,'MEET004','IM018','2025-08-01','RQ001','Visa or Legal Paperwork Delays','attendance'),(6,'S006','Carl Goodman','carl.goodman@gmail.com','Computational Modelling and Programming',4,'AM016','Tyrone Boone','tyrone.boone@glasgow.ac.uk','University of Glasgow','IM004','Emily Foster','kathryn64@hopkins-benson.com','BAE Systems Applied Intelligence','AS006',3,2,'B1','AP006',85,'B1',72,'2025-08-02','IL006',75,1,'MEET005','AM016','2025-08-03','','',''),(7,'S007','Nicole Spencer','nicole.spencer@gmail.com','Cybersecurity and Ethical Hacking',3,'AM020','Natalie Perry','natalie.perry@edinburgh.ac.uk','University of Edinburgh','IM019','Dwayne Maddox','linda75@shepard.net','Morgan Stanley','AS007',4,3,'B1','AP007',77,'B1',86,'2025-08-02','IL007',82,2,'MEET006','IM019','2025-08-03','','',''),(8,'S022','Krystal Foley','krystal.foley@gmail.com','Computational Modelling and Programming',2,'AM017','Brooke Foster','brooke.foster@dundee.ac.uk','University of Dundee','IM004','Emily Foster','kathryn64@hopkins-benson.com','BAE Systems Applied Intelligence','AS022',3,1,'B2','AP022',91,'B2',60,'2025-08-03','IL022',87,2,'MEET021','IM004','2025-08-02','','',''),(9,'S008','Christopher Gregory','christopher.gregory@gmail.com','Business Intelligence and Strategy',2,'AM002','Pamela Ryan','pamela.ryan@edinburgh.ac.uk','University of Edinburgh','IM002','Alexander Long','geoffrey91@peterson.com','Accenture Scotland','AS008',5,0,'Fail','AP008',98,'Fail',73,'2025-08-02','IL008',76,1,'MEET007','AM002','2025-08-03','RQ022','Family Emergency','attendance'),(10,'S009','Johnathan Davis','johnathan.davis@gmail.com','Human-Centred Computing',1,'AM020','Natalie Perry','natalie.perry@edinburgh.ac.uk','University of Edinburgh','IM010','Andrea Ward','johnsonjennifer@joyce-robinson.com','BAE Systems Applied Intelligence','AS009',5,4,'B1','AP009',45,'B1',96,'2025-08-01','IL009',82,2,'MEET008','AM020','2025-08-03','RQ015','Medical Emergency','assignment'),(11,'S023','Craig Taylor','craig.taylor@gmail.com','Research Methods in Computing',1,'AM018','Erin Rowland','erin.rowland@edinburgh.ac.uk','University of Edinburgh','IM013','David Jimenez','brianfrey@gomez-webb.info','Deloitte UK','AS023',3,2,'B1','AP023',90,'B1',63,'2025-08-03','IL023',88,2,'MEET022','IM013','2025-08-03','','',''),(12,'S010','Alexis Turner','alexis.turner@gmail.com','Human-Centred Computing',4,'AM006','Emily Clark','emily.clark@glasgow.ac.uk','University of Glasgow','IM003','Amy Bond','cynthiaroberts@galloway.com','IBM UK Ltd.','AS010',5,3,'B2','AP010',76,'B2',84,'2025-08-02','IL010',69,2,'MEET009','AM006','2025-08-01','RQ023','Family Emergency','assignment'),(13,'S024','Stephen Rodriguez','stephen.rodriguez@gmail.com','Computational Modelling and Programming',1,'AM017','Brooke Foster','brooke.foster@dundee.ac.uk','University of Dundee','IM009','Kelly Schaefer','daniel54@jones-heath.com','Tata Consultancy Services','AS024',3,0,'Fail','AP024',64,'Fail',73,'2025-08-02','IL024',93,1,'MEET023','AM017','2025-08-01','','',''),(14,'S011','Jennifer Owens','jennifer.owens@gmail.com','Big Data Analysis and Visualisation',4,'AM019','Ashley Fields','ashley.fields@glasgow.ac.uk','University of Glasgow','IM017','Anthony Gould','kellerbrenda@flynn-mercer.org','Morgan Stanley','AS011',3,2,'B1','AP011',47,'B1',63,'2025-08-01','IL011',92,2,'MEET010','IM017','2025-08-03','','',''),(15,'S025','Lisa Brown','lisa.brown@gmail.com','Interactive Media Design',4,'AM007','Amy Gomez','amy.gomez@glasgow.ac.uk','University of Glasgow','IM006','Jeremy Simmons','wmann@bell.com','Amazon Development Centre Scotland','AS025',4,3,'B1','AP025',68,'B1',94,'2025-08-02','IL025',92,1,'MEET024','AM007','2025-08-01','','',''),(16,'S012','Meagan Lewis','meagan.lewis@gmail.com','Artificial Intelligence and Machine Learning',2,'AM008','Zachary Baker','zachary.baker@glasgow.ac.uk','University of Glasgow','IM014','Samantha Jackson','erodriguez@mccall.biz','Amazon Development Centre Scotland','AS012',4,4,'A1','AP012',84,'A1',82,'2025-08-02','IL012',97,1,'MEET011','IM014','2025-08-01','','',''),(17,'S013','Thomas Perry','thomas.perry@gmail.com','Human-Centred Computing',1,'AM016','Tyrone Boone','tyrone.boone@glasgow.ac.uk','University of Glasgow','IM018','Cynthia Phillips','petersonjames@austin-silva.biz','Tata Consultancy Services','AS013',5,1,'C1','AP013',53,'C1',81,'2025-08-01','IL013',96,2,'MEET012','AM016','2025-08-02','','',''),(18,'S014','Cynthia Lopez','cynthia.lopez@gmail.com','Cybersecurity and Ethical Hacking',3,'AM011','Richard Jones','richard.jones@glasgow.ac.uk','University of Glasgow','IM015','Amanda Carter','pking@blankenship.com','IBM UK Ltd.','AS014',4,2,'B2','AP014',95,'B2',86,'2025-08-03','IL014',76,1,'MEET013','AM011','2025-08-02','','',''),(19,'S015','Lisa Floyd','lisa.floyd@gmail.com','Professional Project Management',2,'AM011','Richard Jones','richard.jones@glasgow.ac.uk','University of Glasgow','IM010','Andrea Ward','johnsonjennifer@joyce-robinson.com','BAE Systems Applied Intelligence','AS015',4,3,'B1','AP015',87,'B1',73,'2025-08-02','IL015',82,2,'MEET014','AM011','2025-08-02','','',''),(20,'S016','Michelle Martin','michelle.martin@gmail.com','Cybersecurity and Ethical Hacking',4,'AM015','Thomas Hardy','thomas.hardy@dundee.ac.uk','University of Dundee','IM009','Kelly Schaefer','daniel54@jones-heath.com','Tata Consultancy Services','AS016',4,0,'Fail','AP016',78,'Fail',92,'2025-08-03','IL016',73,1,'MEET015','IM009','2025-08-03','','',''),(21,'S017','Charles Gentry','charles.gentry@gmail.com','Research Methods in Computing',3,'AM016','Tyrone Boone','tyrone.boone@glasgow.ac.uk','University of Glasgow','IM002','Alexander Long','geoffrey91@peterson.com','Accenture Scotland','AS017',3,2,'B1','AP017',60,'B1',73,'2025-08-01','IL017',72,1,'MEET016','AM016','2025-08-02','','',''),(22,'S018','Catherine Hall','catherine.hall@gmail.com','Artificial Intelligence and Machine Learning',1,'AM008','Zachary Baker','zachary.baker@glasgow.ac.uk','University of Glasgow','IM001','Donald Stevens','yvonne68@thompson.com','Barclays Technology Centre','AS018',4,2,'B2','AP018',69,'B2',90,'2025-08-01','IL018',81,1,'MEET017','IM001','2025-08-01','','',''),(23,'S019','Allison Moore','allison.moore@gmail.com','Professional Project Management',4,'AM019','Ashley Fields','ashley.fields@glasgow.ac.uk','University of Glasgow','IM005','Lindsey Pitts','erik10@johnson.net','IBM UK Ltd.','AS019',4,2,'B2','AP019',88,'B2',100,'2025-08-01','IL019',98,2,'MEET018','IM005','2025-08-01','RQ012','Corporate Overwork / High Workload','meeting'),(24,'S026','James Jackson','james.jackson@gmail.com','Big Data Analysis and Visualisation',2,'AM008','Zachary Baker','zachary.baker@glasgow.ac.uk','University of Glasgow','IM001','Donald Stevens','yvonne68@thompson.com','Barclays Technology Centre','AS026',3,2,'B1','AP026',84,'B1',70,'2025-08-01','IL026',97,1,'MEET025','AM008','2025-08-01','','',''),(25,'S020','Justin Lewis','justin.lewis@gmail.com','Cybersecurity and Ethical Hacking',1,'AM013','Lauren Ortiz','lauren.ortiz@edinburgh.ac.uk','University of Edinburgh','IM018','Cynthia Phillips','petersonjames@austin-silva.biz','Tata Consultancy Services','AS020',4,0,'Fail','AP020',73,'Fail',85,'2025-08-02','IL020',77,2,'MEET019','IM018','2025-08-02','RQ030','Mentor Unavailability / Meeting Canceled by Mentor','meeting'),(26,'S027','Abigail Henderson','abigail.henderson@gmail.com','Business Intelligence and Strategy',2,'AM016','Tyrone Boone','tyrone.boone@glasgow.ac.uk','University of Glasgow','IM014','Samantha Jackson','erodriguez@mccall.biz','Amazon Development Centre Scotland','AS027',5,0,'Fail','AP027',70,'Fail',74,'2025-08-02','IL027',82,2,'MEET026','IM014','2025-08-03','RQ007','Mental Health Leave / Counselling','attendance'),(27,'S021','Ryan Jordan','ryan.jordan@gmail.com','Business Intelligence and Strategy',2,'AM012','Jennifer Rich','jennifer.rich@edinburgh.ac.uk','University of Edinburgh','IM011','Nicholas Mills','mariawebster@walter.com','Amazon Development Centre Scotland','AS021',5,1,'C1','AP021',68,'C1',66,'2025-08-02','IL021',85,2,'MEET020','IM011','2025-08-01','','',''),(28,'S028','Mackenzie Reed MD','mackenzie.reed.md@gmail.com','Artificial Intelligence and Machine Learning',4,'AM009','William Cervantes','william.cervantes@dundee.ac.uk','University of Dundee','IM004','Emily Foster','kathryn64@hopkins-benson.com','BAE Systems Applied Intelligence','AS028',4,4,'A1','AP028',83,'A1',67,'2025-08-01','IL028',73,2,'MEET027','IM004','2025-08-03','RQ004','Medical Emergency','attendance'),(29,'S029','Kimberly Sandoval','kimberly.sandoval@gmail.com','Big Data Analysis and Visualisation',3,'AM014','Joshua Phillips','joshua.phillips@dundee.ac.uk','University of Dundee','IM005','Lindsey Pitts','erik10@johnson.net','IBM UK Ltd.','AS029',3,0,'Fail','AP029',68,'Fail',94,'2025-08-01','IL029',95,1,'MEET028','AM014','2025-08-02','','',''),(30,'S030','Helen Doyle','helen.doyle@gmail.com','Professional Project Management',2,'AM010','Marcus Ayala','marcus.ayala@dundee.ac.uk','University of Dundee','IM012','Douglas James','thorntonapril@marshall-glover.com','Morgan Stanley','AS030',4,1,'C1','AP030',42,'C1',86,'2025-08-01','IL030',98,2,'MEET029','AM010','2025-08-02','','',''),(31,'S031','Kevin Bailey','kevin.bailey@gmail.com','Applied Data Science',3,'AM019','Ashley Fields','ashley.fields@glasgow.ac.uk','University of Glasgow','IM017','Anthony Gould','kellerbrenda@flynn-mercer.org','Morgan Stanley','AS031',3,1,'B2','AP031',65,'B2',79,'2025-08-01','IL031',85,2,'MEET030','IM017','2025-08-03','','',''),(32,'S032','Kathy Thompson','kathy.thompson@gmail.com','Artificial Intelligence and Machine Learning',2,'AM015','Thomas Hardy','thomas.hardy@dundee.ac.uk','University of Dundee','IM001','Donald Stevens','yvonne68@thompson.com','Barclays Technology Centre','AS032',4,2,'B2','AP032',96,'B2',79,'2025-08-01','IL032',65,2,'MEET031','IM001','2025-08-03','','',''),(33,'S033','Gina Smith','gina.smith@gmail.com','Professional Project Management',1,'AM020','Natalie Perry','natalie.perry@edinburgh.ac.uk','University of Edinburgh','IM002','Alexander Long','geoffrey91@peterson.com','Accenture Scotland','AS033',4,0,'Fail','AP033',55,'Fail',67,'2025-08-03','IL033',95,2,'MEET032','AM020','2025-08-01','','',''),(34,'S034','Candice Charles','candice.charles@gmail.com','Big Data Analysis and Visualisation',1,'AM002','Pamela Ryan','pamela.ryan@edinburgh.ac.uk','University of Edinburgh','IM004','Emily Foster','kathryn64@hopkins-benson.com','BAE Systems Applied Intelligence','AS034',3,2,'B1','AP034',71,'B1',68,'2025-08-02','IL034',65,2,'MEET033','AM002','2025-08-01','RQ005, RQ019','Mental Health Leave / Counselling, Extension Approved by Academic Mentor','attendance, assignment'),(35,'S065','Sean Jacobs','sean.jacobs@gmail.com','Cybersecurity and Ethical Hacking',1,'AM019','Ashley Fields','ashley.fields@glasgow.ac.uk','University of Glasgow','IM003','Amy Bond','cynthiaroberts@galloway.com','IBM UK Ltd.','AS065',4,4,'A1','AP065',53,'A1',65,'2025-08-01','IL065',77,2,'MEET064','IM003','2025-08-02','','',''),(36,'S035','Frank Watson','frank.watson@gmail.com','Interactive Media Design',3,'AM015','Thomas Hardy','thomas.hardy@dundee.ac.uk','University of Dundee','IM005','Lindsey Pitts','erik10@johnson.net','IBM UK Ltd.','AS035',4,4,'A1','AP035',41,'A1',61,'2025-08-02','IL035',97,2,'MEET034','AM015','2025-08-01','RQ017','Visa or Legal Paperwork Delays','attendance'),(37,'S036','Nicholas Turner','nicholas.turner@gmail.com','Cybersecurity and Ethical Hacking',2,'AM003','Joseph Williams','joseph.williams@glasgow.ac.uk','University of Glasgow','IM013','David Jimenez','brianfrey@gomez-webb.info','Deloitte UK','AS036',4,2,'B2','AP036',84,'B2',65,'2025-08-02','IL036',80,2,'MEET035','AM003','2025-08-01','','',''),(38,'S037','Vanessa Williams','vanessa.williams@gmail.com','Information Systems Management',1,'AM001','Danny Bass','danny.bass@glasgow.ac.uk','University of Glasgow','IM020','Keith Wise','rosedavis@diaz.com','Amazon Development Centre Scotland','AS037',5,1,'C1','AP037',50,'C1',82,'2025-08-03','IL037',92,2,'MEET036','AM001','2025-08-02','RQ025','Mental Health Leave / Counselling','attendance'),(39,'S066','Rose Crane','rose.crane@gmail.com','Interactive Media Design',3,'AM017','Brooke Foster','brooke.foster@dundee.ac.uk','University of Dundee','IM020','Keith Wise','rosedavis@diaz.com','Amazon Development Centre Scotland','AS066',4,1,'C1','AP066',54,'C1',78,'2025-08-02','IL066',91,2,'MEET065','IM020','2025-08-03','','',''),(40,'S038','James Davis','james.davis@gmail.com','Research Methods in Computing',3,'AM001','Danny Bass','danny.bass@glasgow.ac.uk','University of Glasgow','IM009','Kelly Schaefer','daniel54@jones-heath.com','Tata Consultancy Services','AS038',3,1,'B2','AP038',80,'B2',79,'2025-08-03','IL038',89,1,'MEET037','IM009','2025-08-03','','',''),(41,'S039','Nancy Bowman','nancy.bowman@gmail.com','Computational Modelling and Programming',4,'AM017','Brooke Foster','brooke.foster@dundee.ac.uk','University of Dundee','IM018','Cynthia Phillips','petersonjames@austin-silva.biz','Tata Consultancy Services','AS039',3,1,'B2','AP039',69,'B2',62,'2025-08-02','IL039',97,1,'MEET038','IM018','2025-08-01','','',''),(42,'S067','Tracy Estrada','tracy.estrada@gmail.com','Applied Data Science',2,'AM011','Richard Jones','richard.jones@glasgow.ac.uk','University of Glasgow','IM002','Alexander Long','geoffrey91@peterson.com','Accenture Scotland','AS067',3,2,'B1','AP067',40,'B1',65,'2025-08-02','IL067',72,1,'MEET066','IM002','2025-08-03','','',''),(43,'S040','Jamie Dennis','jamie.dennis@gmail.com','Artificial Intelligence and Machine Learning',3,'AM018','Erin Rowland','erin.rowland@edinburgh.ac.uk','University of Edinburgh','IM017','Anthony Gould','kellerbrenda@flynn-mercer.org','Morgan Stanley','AS040',4,1,'C1','AP040',54,'C1',99,'2025-08-03','IL040',83,2,'MEET039','AM018','2025-08-01','','',''),(44,'S041','Manuel Whitney','manuel.whitney@gmail.com','Professional Project Management',3,'AM001','Danny Bass','danny.bass@glasgow.ac.uk','University of Glasgow','IM014','Samantha Jackson','erodriguez@mccall.biz','Amazon Development Centre Scotland','AS041',4,1,'C1','AP041',77,'C1',68,'2025-08-02','IL041',76,1,'MEET040','IM014','2025-08-03','RQ003','Medical Emergency','attendance'),(45,'S068','Casey Adams MD','casey.adams.md@gmail.com','Human-Centred Computing',2,'AM020','Natalie Perry','natalie.perry@edinburgh.ac.uk','University of Edinburgh','IM016','Taylor Avery','carolyn12@holloway.biz','Morgan Stanley','AS068',5,2,'C1','AP068',49,'C1',82,'2025-08-03','IL068',68,2,'MEET067','IM016','2025-08-03','','',''),(46,'S042','Ronald Michael','ronald.michael@gmail.com','Artificial Intelligence and Machine Learning',3,'AM018','Erin Rowland','erin.rowland@edinburgh.ac.uk','University of Edinburgh','IM012','Douglas James','thorntonapril@marshall-glover.com','Morgan Stanley','AS042',4,1,'C1','AP042',77,'C1',60,'2025-08-01','IL042',96,1,'MEET041','IM012','2025-08-03','','',''),(47,'S043','Stephanie Green','stephanie.green@gmail.com','Information Systems Management',1,'AM013','Lauren Ortiz','lauren.ortiz@edinburgh.ac.uk','University of Edinburgh','IM003','Amy Bond','cynthiaroberts@galloway.com','IBM UK Ltd.','AS043',5,0,'Fail','AP043',55,'Fail',64,'2025-08-01','IL043',74,1,'MEET042','IM003','2025-08-02','','',''),(48,'S044','Russell Burke DDS','russell.burke.dds@gmail.com','Interactive Media Design',3,'AM012','Jennifer Rich','jennifer.rich@edinburgh.ac.uk','University of Edinburgh','IM002','Alexander Long','geoffrey91@peterson.com','Accenture Scotland','AS044',4,1,'C1','AP044',55,'C1',84,'2025-08-03','IL044',82,1,'MEET043','IM002','2025-08-02','','',''),(49,'S045','Nicole Branch','nicole.branch@gmail.com','Big Data Analysis and Visualisation',3,'AM008','Zachary Baker','zachary.baker@glasgow.ac.uk','University of Glasgow','IM008','Christopher Kaiser','nortonpeter@fox-daniel.com','IBM UK Ltd.','AS045',3,0,'Fail','AP045',55,'Fail',73,'2025-08-03','IL045',85,1,'MEET044','AM008','2025-08-02','','',''),(50,'S046','Aaron Parker','aaron.parker@gmail.com','Business Intelligence and Strategy',3,'AM008','Zachary Baker','zachary.baker@glasgow.ac.uk','University of Glasgow','IM015','Amanda Carter','pking@blankenship.com','IBM UK Ltd.','AS046',5,4,'B1','AP046',94,'B1',82,'2025-08-03','IL046',97,1,'MEET045','AM008','2025-08-03','','',''),(51,'S047','Christian Davis','christian.davis@gmail.com','Human-Centred Computing',4,'AM006','Emily Clark','emily.clark@glasgow.ac.uk','University of Glasgow','IM010','Andrea Ward','johnsonjennifer@joyce-robinson.com','BAE Systems Applied Intelligence','AS047',5,5,'A1','AP047',48,'A1',94,'2025-08-02','IL047',69,1,'MEET046','AM006','2025-08-03','','',''),(52,'S048','Cynthia King','cynthia.king@gmail.com','Interactive Media Design',1,'AM020','Natalie Perry','natalie.perry@edinburgh.ac.uk','University of Edinburgh','IM009','Kelly Schaefer','daniel54@jones-heath.com','Tata Consultancy Services','AS048',4,1,'C1','AP048',78,'C1',97,'2025-08-01','IL048',90,1,'MEET047','IM009','2025-08-01','RQ006','Family Emergency','assignment'),(53,'S049','Timothy Lewis','timothy.lewis@gmail.com','Artificial Intelligence and Machine Learning',4,'AM012','Jennifer Rich','jennifer.rich@edinburgh.ac.uk','University of Edinburgh','IM011','Nicholas Mills','mariawebster@walter.com','Amazon Development Centre Scotland','AS049',4,1,'C1','AP049',48,'C1',91,'2025-08-01','IL049',92,2,'MEET048','AM012','2025-08-03','','',''),(54,'S050','Ryan Rivera','ryan.rivera@gmail.com','Software Engineering Principles',3,'AM007','Amy Gomez','amy.gomez@glasgow.ac.uk','University of Glasgow','IM019','Dwayne Maddox','linda75@shepard.net','Morgan Stanley','AS050',5,2,'C1','AP050',62,'C1',68,'2025-08-01','IL050',97,2,'MEET049','IM019','2025-08-01','','',''),(55,'S069','George Mendez','george.mendez@gmail.com','Research Methods in Computing',4,'AM010','Marcus Ayala','marcus.ayala@dundee.ac.uk','University of Dundee','IM015','Amanda Carter','pking@blankenship.com','IBM UK Ltd.','AS069',3,2,'B1','AP069',79,'B1',95,'2025-08-03','IL069',72,2,'MEET068','IM015','2025-08-02','','',''),(56,'S070','Robin Romero','robin.romero@gmail.com','Interactive Media Design',1,'AM002','Pamela Ryan','pamela.ryan@edinburgh.ac.uk','University of Edinburgh','IM017','Anthony Gould','kellerbrenda@flynn-mercer.org','Morgan Stanley','AS070',4,0,'Fail','AP070',44,'Fail',70,'2025-08-02','IL070',79,1,'MEET069','AM002','2025-08-01','RQ013','Mental Health Leave / Counselling','attendance'),(57,'S051','Zachary Lozano','zachary.lozano@gmail.com','Information Systems Management',3,'AM020','Natalie Perry','natalie.perry@edinburgh.ac.uk','University of Edinburgh','IM015','Amanda Carter','pking@blankenship.com','IBM UK Ltd.','AS051',5,2,'C1','AP051',44,'C1',71,'2025-08-03','IL051',87,2,'MEET050','IM015','2025-08-03','','',''),(58,'S071','Daniel White','daniel.white@gmail.com','Big Data Analysis and Visualisation',3,'AM009','William Cervantes','william.cervantes@dundee.ac.uk','University of Dundee','IM003','Amy Bond','cynthiaroberts@galloway.com','IBM UK Ltd.','AS071',3,3,'A1','AP071',46,'A1',88,'2025-08-03','IL071',84,2,'MEET070','AM009','2025-08-03','','',''),(59,'S052','Sharon Martinez','sharon.martinez@gmail.com','Applied Data Science',4,'AM013','Lauren Ortiz','lauren.ortiz@edinburgh.ac.uk','University of Edinburgh','IM018','Cynthia Phillips','petersonjames@austin-silva.biz','Tata Consultancy Services','AS052',3,2,'B1','AP052',91,'B1',100,'2025-08-02','IL052',62,1,'MEET051','AM013','2025-08-03','RQ016','Medical Emergency','attendance'),(60,'S053','Matthew Vargas','matthew.vargas@gmail.com','Artificial Intelligence and Machine Learning',1,'AM014','Joshua Phillips','joshua.phillips@dundee.ac.uk','University of Dundee','IM017','Anthony Gould','kellerbrenda@flynn-mercer.org','Morgan Stanley','AS053',4,2,'B2','AP053',95,'B2',97,'2025-08-02','IL053',62,2,'MEET052','IM017','2025-08-03','','',''),(61,'S072','Robert Castillo','robert.castillo@gmail.com','Human-Centred Computing',2,'AM020','Natalie Perry','natalie.perry@edinburgh.ac.uk','University of Edinburgh','IM019','Dwayne Maddox','linda75@shepard.net','Morgan Stanley','AS072',5,4,'B1','AP072',41,'B1',95,'2025-08-02','IL072',71,1,'MEET071','IM019','2025-08-02','','',''),(62,'S054','Jason White','jason.white@gmail.com','Artificial Intelligence and Machine Learning',2,'AM011','Richard Jones','richard.jones@glasgow.ac.uk','University of Glasgow','IM003','Amy Bond','cynthiaroberts@galloway.com','IBM UK Ltd.','AS054',4,4,'A1','AP054',55,'A1',97,'2025-08-02','IL054',69,2,'MEET053','AM011','2025-08-01','','',''),(63,'S073','Catherine Johnson','catherine.johnson@gmail.com','Business Intelligence and Strategy',2,'AM001','Danny Bass','danny.bass@glasgow.ac.uk','University of Glasgow','IM015','Amanda Carter','pking@blankenship.com','IBM UK Ltd.','AS073',5,2,'C1','AP073',87,'C1',94,'2025-08-02','IL073',76,2,'MEET072','IM015','2025-08-03','RQ011','Mental Health Leave / Counselling','attendance'),(64,'S055','Linda Lawrence','linda.lawrence@gmail.com','Information Systems Management',2,'AM002','Pamela Ryan','pamela.ryan@edinburgh.ac.uk','University of Edinburgh','IM017','Anthony Gould','kellerbrenda@flynn-mercer.org','Morgan Stanley','AS055',5,4,'B1','AP055',76,'B1',80,'2025-08-02','IL055',77,1,'MEET054','AM002','2025-08-03','','',''),(65,'S056','Susan Jones','susan.jones@gmail.com','Applied Data Science',3,'AM007','Amy Gomez','amy.gomez@glasgow.ac.uk','University of Glasgow','IM015','Amanda Carter','pking@blankenship.com','IBM UK Ltd.','AS056',3,1,'B2','AP056',50,'B2',72,'2025-08-02','IL056',76,2,'MEET055','AM007','2025-08-02','','',''),(66,'S074','Kirsten Phillips','kirsten.phillips@gmail.com','Business Intelligence and Strategy',2,'AM015','Thomas Hardy','thomas.hardy@dundee.ac.uk','University of Dundee','IM016','Taylor Avery','carolyn12@holloway.biz','Morgan Stanley','AS074',5,2,'C1','AP074',75,'C1',76,'2025-08-02','IL074',64,2,'MEET073','AM015','2025-08-02','','',''),(67,'S057','Richard Alvarez','richard.alvarez@gmail.com','Applied Data Science',2,'AM017','Brooke Foster','brooke.foster@dundee.ac.uk','University of Dundee','IM020','Keith Wise','rosedavis@diaz.com','Amazon Development Centre Scotland','AS057',3,0,'Fail','AP057',75,'Fail',60,'2025-08-02','IL057',91,1,'MEET056','IM020','2025-08-01','','',''),(68,'S075','Roberta Price','roberta.price@gmail.com','Applied Data Science',3,'AM019','Ashley Fields','ashley.fields@glasgow.ac.uk','University of Glasgow','IM002','Alexander Long','geoffrey91@peterson.com','Accenture Scotland','AS075',3,3,'A1','AP075',89,'A1',63,'2025-08-01','IL075',79,2,'MEET074','AM019','2025-08-01','','',''),(69,'S058','Brian Dickerson','brian.dickerson@gmail.com','Business Intelligence and Strategy',1,'AM013','Lauren Ortiz','lauren.ortiz@edinburgh.ac.uk','University of Edinburgh','IM008','Christopher Kaiser','nortonpeter@fox-daniel.com','IBM UK Ltd.','AS058',5,5,'A1','AP058',50,'A1',86,'2025-08-02','IL058',82,2,'MEET057','IM008','2025-08-01','','',''),(70,'S076','James Henson','james.henson@gmail.com','Big Data Analysis and Visualisation',1,'AM012','Jennifer Rich','jennifer.rich@edinburgh.ac.uk','University of Edinburgh','IM002','Alexander Long','geoffrey91@peterson.com','Accenture Scotland','AS076',3,2,'B1','AP076',43,'B1',62,'2025-08-02','IL076',73,2,'MEET075','AM012','2025-08-03','','',''),(71,'S059','George Jackson','george.jackson@gmail.com','Software Engineering Principles',2,'AM020','Natalie Perry','natalie.perry@edinburgh.ac.uk','University of Edinburgh','IM008','Christopher Kaiser','nortonpeter@fox-daniel.com','IBM UK Ltd.','AS059',5,1,'C1','AP059',95,'C1',94,'2025-08-02','IL059',84,2,'MEET058','IM008','2025-08-03','','',''),(72,'S060','Gabriel Hanson','gabriel.hanson@gmail.com','Cybersecurity and Ethical Hacking',1,'AM007','Amy Gomez','amy.gomez@glasgow.ac.uk','University of Glasgow','IM011','Nicholas Mills','mariawebster@walter.com','Amazon Development Centre Scotland','AS060',4,1,'C1','AP060',94,'C1',79,'2025-08-01','IL060',63,2,'MEET059','IM011','2025-08-01','','',''),(73,'S077','Marisa Gonzalez','marisa.gonzalez@gmail.com','Cybersecurity and Ethical Hacking',4,'AM003','Joseph Williams','joseph.williams@glasgow.ac.uk','University of Glasgow','IM011','Nicholas Mills','mariawebster@walter.com','Amazon Development Centre Scotland','AS077',4,1,'C1','AP077',62,'C1',69,'2025-08-03','IL077',84,1,'MEET076','IM011','2025-08-01','RQ018','Medical Emergency','meeting'),(74,'S078','John Moore','john.moore@gmail.com','Interactive Media Design',3,'AM014','Joshua Phillips','joshua.phillips@dundee.ac.uk','University of Dundee','IM018','Cynthia Phillips','petersonjames@austin-silva.biz','Tata Consultancy Services','AS078',4,2,'B2','AP078',45,'B2',62,'2025-08-01','IL078',89,2,'MEET077','AM014','2025-08-02','','',''),(75,'S061','Philip Mccarty','philip.mccarty@gmail.com','Computational Modelling and Programming',2,'AM017','Brooke Foster','brooke.foster@dundee.ac.uk','University of Dundee','IM014','Samantha Jackson','erodriguez@mccall.biz','Amazon Development Centre Scotland','AS061',3,1,'B2','AP061',65,'B2',97,'2025-08-01','IL061',79,2,'MEET060','IM014','2025-08-02','RQ008','Visa or Legal Paperwork Delays','attendance'),(76,'S079','Jeremy Williams','jeremy.williams@gmail.com','Business Intelligence and Strategy',4,'AM014','Joshua Phillips','joshua.phillips@dundee.ac.uk','University of Dundee','IM015','Amanda Carter','pking@blankenship.com','IBM UK Ltd.','AS079',5,2,'C1','AP079',76,'C1',91,'2025-08-01','IL079',75,1,'MEET078','IM015','2025-08-03','','',''),(77,'S062','Anthony Vazquez','anthony.vazquez@gmail.com','Human-Centred Computing',2,'AM003','Joseph Williams','joseph.williams@glasgow.ac.uk','University of Glasgow','IM008','Christopher Kaiser','nortonpeter@fox-daniel.com','IBM UK Ltd.','AS062',5,0,'Fail','AP062',76,'Fail',91,'2025-08-01','IL062',94,2,'MEET061','AM003','2025-08-01','RQ002, RQ026','Family Emergency, Mentor Unavailability / Meeting Canceled by Mentor','meeting, meeting'),(78,'S080','Stephanie Black','stephanie.black@gmail.com','Interactive Media Design',1,'AM002','Pamela Ryan','pamela.ryan@edinburgh.ac.uk','University of Edinburgh','IM018','Cynthia Phillips','petersonjames@austin-silva.biz','Tata Consultancy Services','AS080',4,1,'C1','AP080',69,'C1',77,'2025-08-02','IL080',65,2,'MEET079','IM018','2025-08-02','','',''),(79,'S063','Teresa Jones','teresa.jones@gmail.com','Interactive Media Design',2,'AM009','William Cervantes','william.cervantes@dundee.ac.uk','University of Dundee','IM015','Amanda Carter','pking@blankenship.com','IBM UK Ltd.','AS063',4,3,'B1','AP063',72,'B1',96,'2025-08-01','IL063',95,2,'MEET062','AM009','2025-08-03','','',''),(80,'S081','Virginia Robinson','virginia.robinson@gmail.com','Software Engineering Principles',1,'AM002','Pamela Ryan','pamela.ryan@edinburgh.ac.uk','University of Edinburgh','IM017','Anthony Gould','kellerbrenda@flynn-mercer.org','Morgan Stanley','AS081',5,3,'B2','AP081',68,'B2',64,'2025-08-02','IL081',73,2,'MEET080','IM017','2025-08-03','','',''),(81,'S064','Matthew Monroe','matthew.monroe@gmail.com','Artificial Intelligence and Machine Learning',3,'AM019','Ashley Fields','ashley.fields@glasgow.ac.uk','University of Glasgow','IM012','Douglas James','thorntonapril@marshall-glover.com','Morgan Stanley','AS064',4,4,'A1','AP064',43,'A1',85,'2025-08-03','IL064',64,2,'MEET063','IM012','2025-08-03','','',''),(82,'S082','Timothy Marshall','timothy.marshall@gmail.com','Information Systems Management',1,'AM012','Jennifer Rich','jennifer.rich@edinburgh.ac.uk','University of Edinburgh','IM017','Anthony Gould','kellerbrenda@flynn-mercer.org','Morgan Stanley','AS082',5,0,'Fail','AP082',92,'Fail',92,'2025-08-02','IL082',75,2,'MEET081','AM012','2025-08-02','','',''),(83,'S083','Laura Shaw','laura.shaw@gmail.com','Business Intelligence and Strategy',4,'AM007','Amy Gomez','amy.gomez@glasgow.ac.uk','University of Glasgow','IM013','David Jimenez','brianfrey@gomez-webb.info','Deloitte UK','AS083',5,5,'A1','AP083',93,'A1',91,'2025-08-03','IL083',77,1,'MEET082','AM007','2025-08-03','RQ029','Medical Emergency','assignment'),(84,'S084','Katrina Ewing','katrina.ewing@gmail.com','Professional Project Management',3,'AM014','Joshua Phillips','joshua.phillips@dundee.ac.uk','University of Dundee','IM012','Douglas James','thorntonapril@marshall-glover.com','Morgan Stanley','AS084',4,4,'A1','AP084',83,'A1',84,'2025-08-01','IL084',73,1,'MEET083','IM012','2025-08-02','','',''),(85,'S085','Monica Porter','monica.porter@gmail.com','Professional Project Management',2,'AM002','Pamela Ryan','pamela.ryan@edinburgh.ac.uk','University of Edinburgh','IM004','Emily Foster','kathryn64@hopkins-benson.com','BAE Systems Applied Intelligence','AS085',4,1,'C1','AP085',95,'C1',68,'2025-08-01','IL085',60,2,'MEET084','AM002','2025-08-03','RQ021','Family Emergency','attendance'),(86,'S086','Terri Crawford','terri.crawford@gmail.com','Cybersecurity and Ethical Hacking',1,'AM012','Jennifer Rich','jennifer.rich@edinburgh.ac.uk','University of Edinburgh','IM017','Anthony Gould','kellerbrenda@flynn-mercer.org','Morgan Stanley','AS086',4,4,'A1','AP086',69,'A1',86,'2025-08-02','IL086',92,1,'MEET085','AM012','2025-08-01','RQ027','Mental Health Leave / Counselling','attendance'),(87,'S087','Brittany Castro','brittany.castro@gmail.com','Interactive Media Design',4,'AM007','Amy Gomez','amy.gomez@glasgow.ac.uk','University of Glasgow','IM009','Kelly Schaefer','daniel54@jones-heath.com','Tata Consultancy Services','AS087',4,0,'Fail','AP087',86,'Fail',69,'2025-08-01','IL087',65,2,'MEET086','IM009','2025-08-02','','',''),(88,'S088','Raymond Valentine','raymond.valentine@gmail.com','Computational Modelling and Programming',3,'AM015','Thomas Hardy','thomas.hardy@dundee.ac.uk','University of Dundee','IM005','Lindsey Pitts','erik10@johnson.net','IBM UK Ltd.','AS088',3,2,'B1','AP088',97,'B1',92,'2025-08-02','IL088',93,2,'MEET087','AM015','2025-08-01','','',''),(89,'S089','Alicia Rosales','alicia.rosales@gmail.com','Business Intelligence and Strategy',2,'AM009','William Cervantes','william.cervantes@dundee.ac.uk','University of Dundee','IM012','Douglas James','thorntonapril@marshall-glover.com','Morgan Stanley','AS089',5,4,'B1','AP089',59,'B1',61,'2025-08-02','IL089',81,1,'MEET088','AM009','2025-08-02','RQ028','Mental Health Leave / Counselling','attendance'),(90,'S090','Christian Hernandez','christian.hernandez@gmail.com','Interactive Media Design',2,'AM013','Lauren Ortiz','lauren.ortiz@edinburgh.ac.uk','University of Edinburgh','IM010','Andrea Ward','johnsonjennifer@joyce-robinson.com','BAE Systems Applied Intelligence','AS090',4,1,'C1','AP090',89,'C1',61,'2025-08-03','IL090',97,1,'MEET089','IM010','2025-08-01','','',''),(91,'S091','Teresa Clark','teresa.clark@gmail.com','Interactive Media Design',1,'AM004','Carlos Anthony','carlos.anthony@edinburgh.ac.uk','University of Edinburgh','IM006','Jeremy Simmons','wmann@bell.com','Amazon Development Centre Scotland','AS091',4,0,'Fail','AP091',74,'Fail',66,'2025-08-02','IL091',63,1,'MEET090','AM004','2025-08-02','RQ020','Corporate Overwork / High Workload','attendance'),(92,'S092','Tammy Ponce','tammy.ponce@gmail.com','Cybersecurity and Ethical Hacking',3,'AM016','Tyrone Boone','tyrone.boone@glasgow.ac.uk','University of Glasgow','IM008','Christopher Kaiser','nortonpeter@fox-daniel.com','IBM UK Ltd.','AS092',4,1,'C1','AP092',80,'C1',86,'2025-08-01','IL092',65,2,'MEET091','AM016','2025-08-03','','',''),(93,'S093','Brandon Wilson','brandon.wilson@gmail.com','Artificial Intelligence and Machine Learning',3,'AM006','Emily Clark','emily.clark@glasgow.ac.uk','University of Glasgow','IM020','Keith Wise','rosedavis@diaz.com','Amazon Development Centre Scotland','AS093',4,1,'C1','AP093',75,'C1',61,'2025-08-02','IL093',74,1,'MEET092','AM006','2025-08-03','RQ010','Corporate Overwork / High Workload','assignment'),(94,'S094','Jennifer Lee','jennifer.lee@gmail.com','Cybersecurity and Ethical Hacking',4,'AM017','Brooke Foster','brooke.foster@dundee.ac.uk','University of Dundee','IM013','David Jimenez','brianfrey@gomez-webb.info','Deloitte UK','AS094',4,4,'A1','AP094',81,'A1',89,'2025-08-02','IL094',85,2,'MEET093','IM013','2025-08-01','','',''),(95,'S095','Tammy Mitchell','tammy.mitchell@gmail.com','Computational Modelling and Programming',4,'AM012','Jennifer Rich','jennifer.rich@edinburgh.ac.uk','University of Edinburgh','IM012','Douglas James','thorntonapril@marshall-glover.com','Morgan Stanley','AS095',3,2,'B1','AP095',66,'B1',82,'2025-08-01','IL095',93,2,'MEET094','AM012','2025-08-01','','',''),(96,'S096','Lindsey Wong','lindsey.wong@gmail.com','Computational Modelling and Programming',4,'AM003','Joseph Williams','joseph.williams@glasgow.ac.uk','University of Glasgow','IM002','Alexander Long','geoffrey91@peterson.com','Accenture Scotland','AS096',3,2,'B1','AP096',54,'B1',76,'2025-08-03','IL096',88,1,'MEET095','IM002','2025-08-01','','',''),(97,'S097','Claire Mendez','claire.mendez@gmail.com','Software Engineering Principles',1,'AM018','Erin Rowland','erin.rowland@edinburgh.ac.uk','University of Edinburgh','IM019','Dwayne Maddox','linda75@shepard.net','Morgan Stanley','AS097',5,3,'B2','AP097',69,'B2',70,'2025-08-03','IL097',95,2,'MEET096','AM018','2025-08-03','','',''),(98,'S098','Diane Mendez MD','diane.mendez.md@gmail.com','Human-Centred Computing',4,'AM006','Emily Clark','emily.clark@glasgow.ac.uk','University of Glasgow','IM006','Jeremy Simmons','wmann@bell.com','Amazon Development Centre Scotland','AS098',5,3,'B2','AP098',80,'B2',90,'2025-08-02','IL098',64,1,'MEET097','AM006','2025-08-02','','',''),(99,'S099','Kathryn Powers','kathryn.powers@gmail.com','Cybersecurity and Ethical Hacking',4,'AM004','Carlos Anthony','carlos.anthony@edinburgh.ac.uk','University of Edinburgh','IM014','Samantha Jackson','erodriguez@mccall.biz','Amazon Development Centre Scotland','AS099',4,1,'C1','AP099',77,'C1',90,'2025-08-03','IL099',92,2,'MEET098','AM004','2025-08-01','RQ009','Mental Health Leave / Counselling','attendance'),(100,'S100','Frank Holmes','frank.holmes@gmail.com','Business Intelligence and Strategy',1,'AM020','Natalie Perry','natalie.perry@edinburgh.ac.uk','University of Edinburgh','IM010','Andrea Ward','johnsonjennifer@joyce-robinson.com','BAE Systems Applied Intelligence','AS100',5,2,'C1','AP100',49,'C1',95,'2025-08-01','IL100',81,2,'MEET099','AM020','2025-08-01','','','');
/*!40000 ALTER TABLE `master_mmms` ENABLE KEYS */;
UNLOCK TABLES;

--
-- Table structure for table `meetings`
--

DROP TABLE IF EXISTS `meetings`;
/*!40101 SET @saved_cs_client     = @@character_set_client */;
/*!50503 SET character_set_client = utf8mb4 */;
CREATE TABLE `meetings` (
  `meeting_id` varchar(10) NOT NULL,
  `student_id` varchar(10) DEFAULT NULL,
  `mentor_id` varchar(10) DEFAULT NULL,
  `date` date DEFAULT NULL,
  PRIMARY KEY (`meeting_id`),
  KEY `fk_meetings_students_idx` (`student_id`),
  KEY `fk_meetings_mentors_idx` (`mentor_id`),
  CONSTRAINT `fk_meetings_students` FOREIGN KEY (`student_id`) REFERENCES `students` (`student_id`)
) ENGINE=InnoDB DEFAULT CHARSET=utf8mb4 COLLATE=utf8mb4_0900_ai_ci;
/*!40101 SET character_set_client = @saved_cs_client */;

--
-- Dumping data for table `meetings`
--

LOCK TABLES `meetings` WRITE;
/*!40000 ALTER TABLE `meetings` DISABLE KEYS */;
INSERT INTO `meetings` VALUES ('MEET000','S001','IM013','2025-08-01'),('MEET001','S002','AM012','2025-08-01'),('MEET002','S003','AM005','2025-08-01'),('MEET003','S004','AM015','2025-08-01'),('MEET004','S005','IM018','2025-08-01'),('MEET005','S006','AM016','2025-08-03'),('MEET006','S007','IM019','2025-08-03'),('MEET007','S008','AM002','2025-08-03'),('MEET008','S009','AM020','2025-08-03'),('MEET009','S010','AM006','2025-08-01'),('MEET010','S011','IM017','2025-08-03'),('MEET011','S012','IM014','2025-08-01'),('MEET012','S013','AM016','2025-08-02'),('MEET013','S014','AM011','2025-08-02'),('MEET014','S015','AM011','2025-08-02'),('MEET015','S016','IM009','2025-08-03'),('MEET016','S017','AM016','2025-08-02'),('MEET017','S018','IM001','2025-08-01'),('MEET018','S019','IM005','2025-08-01'),('MEET019','S020','IM018','2025-08-02'),('MEET020','S021','IM011','2025-08-01'),('MEET021','S022','IM004','2025-08-02'),('MEET022','S023','IM013','2025-08-03'),('MEET023','S024','AM017','2025-08-01'),('MEET024','S025','AM007','2025-08-01'),('MEET025','S026','AM008','2025-08-01'),('MEET026','S027','IM014','2025-08-03'),('MEET027','S028','IM004','2025-08-03'),('MEET028','S029','AM014','2025-08-02'),('MEET029','S030','AM010','2025-08-02'),('MEET030','S031','IM017','2025-08-03'),('MEET031','S032','IM001','2025-08-03'),('MEET032','S033','AM020','2025-08-01'),('MEET033','S034','AM002','2025-08-01'),('MEET034','S035','AM015','2025-08-01'),('MEET035','S036','AM003','2025-08-01'),('MEET036','S037','AM001','2025-08-02'),('MEET037','S038','IM009','2025-08-03'),('MEET038','S039','IM018','2025-08-01'),('MEET039','S040','AM018','2025-08-01'),('MEET040','S041','IM014','2025-08-03'),('MEET041','S042','IM012','2025-08-03'),('MEET042','S043','IM003','2025-08-02'),('MEET043','S044','IM002','2025-08-02'),('MEET044','S045','AM008','2025-08-02'),('MEET045','S046','AM008','2025-08-03'),('MEET046','S047','AM006','2025-08-03'),('MEET047','S048','IM009','2025-08-01'),('MEET048','S049','AM012','2025-08-03'),('MEET049','S050','IM019','2025-08-01'),('MEET050','S051','IM015','2025-08-03'),('MEET051','S052','AM013','2025-08-03'),('MEET052','S053','IM017','2025-08-03'),('MEET053','S054','AM011','2025-08-01'),('MEET054','S055','AM002','2025-08-03'),('MEET055','S056','AM007','2025-08-02'),('MEET056','S057','IM020','2025-08-01'),('MEET057','S058','IM008','2025-08-01'),('MEET058','S059','IM008','2025-08-03'),('MEET059','S060','IM011','2025-08-01'),('MEET060','S061','IM014','2025-08-02'),('MEET061','S062','AM003','2025-08-01'),('MEET062','S063','AM009','2025-08-03'),('MEET063','S064','IM012','2025-08-03'),('MEET064','S065','IM003','2025-08-02'),('MEET065','S066','IM020','2025-08-03'),('MEET066','S067','IM002','2025-08-03'),('MEET067','S068','IM016','2025-08-03'),('MEET068','S069','IM015','2025-08-02'),('MEET069','S070','AM002','2025-08-01'),('MEET070','S071','AM009','2025-08-03'),('MEET071','S072','IM019','2025-08-02'),('MEET072','S073','IM015','2025-08-03'),('MEET073','S074','AM015','2025-08-02'),('MEET074','S075','AM019','2025-08-01'),('MEET075','S076','AM012','2025-08-03'),('MEET076','S077','IM011','2025-08-01'),('MEET077','S078','AM014','2025-08-02'),('MEET078','S079','IM015','2025-08-03'),('MEET079','S080','IM018','2025-08-02'),('MEET080','S081','IM017','2025-08-03'),('MEET081','S082','AM012','2025-08-02'),('MEET082','S083','AM007','2025-08-03'),('MEET083','S084','IM012','2025-08-02'),('MEET084','S085','AM002','2025-08-03'),('MEET085','S086','AM012','2025-08-01'),('MEET086','S087','IM009','2025-08-02'),('MEET087','S088','AM015','2025-08-01'),('MEET088','S089','AM009','2025-08-02'),('MEET089','S090','IM010','2025-08-01'),('MEET090','S091','AM004','2025-08-02'),('MEET091','S092','AM016','2025-08-03'),('MEET092','S093','AM006','2025-08-03'),('MEET093','S094','IM013','2025-08-01'),('MEET094','S095','AM012','2025-08-01'),('MEET095','S096','IM002','2025-08-01'),('MEET096','S097','AM018','2025-08-03'),('MEET097','S098','AM006','2025-08-02'),('MEET098','S099','AM004','2025-08-01'),('MEET099','S100','AM020','2025-08-01');
/*!40000 ALTER TABLE `meetings` ENABLE KEYS */;
UNLOCK TABLES;

--
-- Table structure for table `request`
--

DROP TABLE IF EXISTS `request`;
/*!40101 SET @saved_cs_client     = @@character_set_client */;
/*!50503 SET character_set_client = utf8mb4 */;
CREATE TABLE `request` (
  `request_id` varchar(10) NOT NULL,
  `student_id` varchar(10) DEFAULT NULL,
  `reason` text,
  `category` text,
  PRIMARY KEY (`request_id`),
  UNIQUE KEY `request_id_UNIQUE` (`request_id`),
  KEY `fk_meetings_student_id_idx` (`student_id`),
  CONSTRAINT `fk_request_student_id` FOREIGN KEY (`student_id`) REFERENCES `students` (`student_id`) ON DELETE SET NULL ON UPDATE CASCADE
) ENGINE=InnoDB DEFAULT CHARSET=utf8mb4 COLLATE=utf8mb4_0900_ai_ci;
/*!40101 SET character_set_client = @saved_cs_client */;

--
-- Dumping data for table `request`
--

LOCK TABLES `request` WRITE;
/*!40000 ALTER TABLE `request` DISABLE KEYS */;
INSERT INTO `request` VALUES ('RQ001','S005','Visa or Legal Paperwork Delays','attendance'),('RQ002','S062','Family Emergency','meeting'),('RQ003','S041','Medical Emergency','attendance'),('RQ004','S028','Medical Emergency','attendance'),('RQ005','S034','Mental Health Leave / Counselling','attendance'),('RQ006','S048','Family Emergency','assignment'),('RQ007','S027','Mental Health Leave / Counselling','attendance'),('RQ008','S061','Visa or Legal Paperwork Delays','attendance'),('RQ009','S099','Mental Health Leave / Counselling','attendance'),('RQ010','S093','Corporate Overwork / High Workload','assignment'),('RQ011','S073','Mental Health Leave / Counselling','attendance'),('RQ012','S019','Corporate Overwork / High Workload','meeting'),('RQ013','S070','Mental Health Leave / Counselling','attendance'),('RQ014','S002','Medical Emergency','assignment'),('RQ015','S009','Medical Emergency','assignment'),('RQ016','S052','Medical Emergency','attendance'),('RQ017','S035','Visa or Legal Paperwork Delays','attendance'),('RQ018','S077','Medical Emergency','meeting'),('RQ019','S034','Extension Approved by Academic Mentor','assignment'),('RQ020','S091','Corporate Overwork / High Workload','attendance'),('RQ021','S085','Family Emergency','attendance'),('RQ022','S008','Family Emergency','attendance'),('RQ023','S010','Family Emergency','assignment'),('RQ024','S004','Family Emergency','attendance'),('RQ025','S037','Mental Health Leave / Counselling','attendance'),('RQ026','S062','Mentor Unavailability / Meeting Canceled by Mentor','meeting'),('RQ027','S086','Mental Health Leave / Counselling','attendance'),('RQ028','S089','Mental Health Leave / Counselling','attendance'),('RQ029','S083','Medical Emergency','assignment'),('RQ030','S020','Mentor Unavailability / Meeting Canceled by Mentor','meeting');
/*!40000 ALTER TABLE `request` ENABLE KEYS */;
UNLOCK TABLES;

--
-- Table structure for table `students`
--

DROP TABLE IF EXISTS `students`;
/*!40101 SET @saved_cs_client     = @@character_set_client */;
/*!50503 SET character_set_client = utf8mb4 */;
CREATE TABLE `students` (
  `student_id` varchar(10) NOT NULL,
  `name` text,
  `email` varchar(50) DEFAULT NULL,
  `course` text,
  `current_Year` int DEFAULT NULL,
  `academic_mentors` varchar(10) DEFAULT NULL,
  `industry_mentors` varchar(10) DEFAULT NULL,
  PRIMARY KEY (`student_id`),
  KEY `fk_academic_mentor_idx` (`academic_mentors`),
  KEY `fk_indusrty_mentor_idx` (`industry_mentors`),
  CONSTRAINT `fk_academic_mentor` FOREIGN KEY (`academic_mentors`) REFERENCES `academnic_mentors` (`mentor_id`) ON DELETE SET NULL ON UPDATE CASCADE,
  CONSTRAINT `fk_indusrty_mentor` FOREIGN KEY (`industry_mentors`) REFERENCES `industry_mentors` (`mentor_id`)
) ENGINE=InnoDB DEFAULT CHARSET=utf8mb4 COLLATE=utf8mb4_0900_ai_ci;
/*!40101 SET character_set_client = @saved_cs_client */;

--
-- Dumping data for table `students`
--

LOCK TABLES `students` WRITE;
/*!40000 ALTER TABLE `students` DISABLE KEYS */;
INSERT INTO `students` VALUES ('S001','Ryan Sweeney','ryan.sweeney@gmail.com','Human-Centred Computing',2,'AM020','IM013'),('S002','Joseph Wells','joseph.wells@gmail.com','Interactive Media Design',4,'AM012','IM010'),('S003','Robert Miller','robert.miller@gmail.com','Software Engineering Principles',1,'AM005','IM019'),('S004','Lisa Huffman','lisa.huffman@gmail.com','Research Methods in Computing',2,'AM015','IM001'),('S005','Matthew Walton','matthew.walton@gmail.com','Cybersecurity and Ethical Hacking',3,'AM006','IM018'),('S006','Carl Goodman','carl.goodman@gmail.com','Computational Modelling and Programming',4,'AM016','IM004'),('S007','Nicole Spencer','nicole.spencer@gmail.com','Cybersecurity and Ethical Hacking',3,'AM020','IM019'),('S008','Christopher Gregory','christopher.gregory@gmail.com','Business Intelligence and Strategy',2,'AM002','IM002'),('S009','Johnathan Davis','johnathan.davis@gmail.com','Human-Centred Computing',1,'AM020','IM010'),('S010','Alexis Turner','alexis.turner@gmail.com','Human-Centred Computing',4,'AM006','IM003'),('S011','Jennifer Owens','jennifer.owens@gmail.com','Big Data Analysis and Visualisation',4,'AM019','IM017'),('S012','Meagan Lewis','meagan.lewis@gmail.com','Artificial Intelligence and Machine Learning',2,'AM008','IM014'),('S013','Thomas Perry','thomas.perry@gmail.com','Human-Centred Computing',1,'AM016','IM018'),('S014','Cynthia Lopez','cynthia.lopez@gmail.com','Cybersecurity and Ethical Hacking',3,'AM011','IM015'),('S015','Lisa Floyd','lisa.floyd@gmail.com','Professional Project Management',2,'AM011','IM010'),('S016','Michelle Martin','michelle.martin@gmail.com','Cybersecurity and Ethical Hacking',4,'AM015','IM009'),('S017','Charles Gentry','charles.gentry@gmail.com','Research Methods in Computing',3,'AM016','IM002'),('S018','Catherine Hall','catherine.hall@gmail.com','Artificial Intelligence and Machine Learning',1,'AM008','IM001'),('S019','Allison Moore','allison.moore@gmail.com','Professional Project Management',4,'AM019','IM005'),('S020','Justin Lewis','justin.lewis@gmail.com','Cybersecurity and Ethical Hacking',1,'AM013','IM018'),('S021','Ryan Jordan','ryan.jordan@gmail.com','Business Intelligence and Strategy',2,'AM012','IM011'),('S022','Krystal Foley','krystal.foley@gmail.com','Computational Modelling and Programming',2,'AM017','IM004'),('S023','Craig Taylor','craig.taylor@gmail.com','Research Methods in Computing',1,'AM018','IM013'),('S024','Stephen Rodriguez','stephen.rodriguez@gmail.com','Computational Modelling and Programming',1,'AM017','IM009'),('S025','Lisa Brown','lisa.brown@gmail.com','Interactive Media Design',4,'AM007','IM006'),('S026','James Jackson','james.jackson@gmail.com','Big Data Analysis and Visualisation',2,'AM008','IM001'),('S027','Abigail Henderson','abigail.henderson@gmail.com','Business Intelligence and Strategy',2,'AM016','IM014'),('S028','Mackenzie Reed MD','mackenzie.reed.md@gmail.com','Artificial Intelligence and Machine Learning',4,'AM009','IM004'),('S029','Kimberly Sandoval','kimberly.sandoval@gmail.com','Big Data Analysis and Visualisation',3,'AM014','IM005'),('S030','Helen Doyle','helen.doyle@gmail.com','Professional Project Management',2,'AM010','IM012'),('S031','Kevin Bailey','kevin.bailey@gmail.com','Applied Data Science',3,'AM019','IM017'),('S032','Kathy Thompson','kathy.thompson@gmail.com','Artificial Intelligence and Machine Learning',2,'AM015','IM001'),('S033','Gina Smith','gina.smith@gmail.com','Professional Project Management',1,'AM020','IM002'),('S034','Candice Charles','candice.charles@gmail.com','Big Data Analysis and Visualisation',1,'AM002','IM004'),('S035','Frank Watson','frank.watson@gmail.com','Interactive Media Design',3,'AM015','IM005'),('S036','Nicholas Turner','nicholas.turner@gmail.com','Cybersecurity and Ethical Hacking',2,'AM003','IM013'),('S037','Vanessa Williams','vanessa.williams@gmail.com','Information Systems Management',1,'AM001','IM020'),('S038','James Davis','james.davis@gmail.com','Research Methods in Computing',3,'AM001','IM009'),('S039','Nancy Bowman','nancy.bowman@gmail.com','Computational Modelling and Programming',4,'AM017','IM018'),('S040','Jamie Dennis','jamie.dennis@gmail.com','Artificial Intelligence and Machine Learning',3,'AM018','IM017'),('S041','Manuel Whitney','manuel.whitney@gmail.com','Professional Project Management',3,'AM001','IM014'),('S042','Ronald Michael','ronald.michael@gmail.com','Artificial Intelligence and Machine Learning',3,'AM018','IM012'),('S043','Stephanie Green','stephanie.green@gmail.com','Information Systems Management',1,'AM013','IM003'),('S044','Russell Burke DDS','russell.burke.dds@gmail.com','Interactive Media Design',3,'AM012','IM002'),('S045','Nicole Branch','nicole.branch@gmail.com','Big Data Analysis and Visualisation',3,'AM008','IM008'),('S046','Aaron Parker','aaron.parker@gmail.com','Business Intelligence and Strategy',3,'AM008','IM015'),('S047','Christian Davis','christian.davis@gmail.com','Human-Centred Computing',4,'AM006','IM010'),('S048','Cynthia King','cynthia.king@gmail.com','Interactive Media Design',1,'AM020','IM009'),('S049','Timothy Lewis','timothy.lewis@gmail.com','Artificial Intelligence and Machine Learning',4,'AM012','IM011'),('S050','Ryan Rivera','ryan.rivera@gmail.com','Software Engineering Principles',3,'AM007','IM019'),('S051','Zachary Lozano','zachary.lozano@gmail.com','Information Systems Management',3,'AM020','IM015'),('S052','Sharon Martinez','sharon.martinez@gmail.com','Applied Data Science',4,'AM013','IM018'),('S053','Matthew Vargas','matthew.vargas@gmail.com','Artificial Intelligence and Machine Learning',1,'AM014','IM017'),('S054','Jason White','jason.white@gmail.com','Artificial Intelligence and Machine Learning',2,'AM011','IM003'),('S055','Linda Lawrence','linda.lawrence@gmail.com','Information Systems Management',2,'AM002','IM017'),('S056','Susan Jones','susan.jones@gmail.com','Applied Data Science',3,'AM007','IM015'),('S057','Richard Alvarez','richard.alvarez@gmail.com','Applied Data Science',2,'AM017','IM020'),('S058','Brian Dickerson','brian.dickerson@gmail.com','Business Intelligence and Strategy',1,'AM013','IM008'),('S059','George Jackson','george.jackson@gmail.com','Software Engineering Principles',2,'AM020','IM008'),('S060','Gabriel Hanson','gabriel.hanson@gmail.com','Cybersecurity and Ethical Hacking',1,'AM007','IM011'),('S061','Philip Mccarty','philip.mccarty@gmail.com','Computational Modelling and Programming',2,'AM017','IM014'),('S062','Anthony Vazquez','anthony.vazquez@gmail.com','Human-Centred Computing',2,'AM003','IM008'),('S063','Teresa Jones','teresa.jones@gmail.com','Interactive Media Design',2,'AM009','IM015'),('S064','Matthew Monroe','matthew.monroe@gmail.com','Artificial Intelligence and Machine Learning',3,'AM019','IM012'),('S065','Sean Jacobs','sean.jacobs@gmail.com','Cybersecurity and Ethical Hacking',1,'AM019','IM003'),('S066','Rose Crane','rose.crane@gmail.com','Interactive Media Design',3,'AM017','IM020'),('S067','Tracy Estrada','tracy.estrada@gmail.com','Applied Data Science',2,'AM011','IM002'),('S068','Casey Adams MD','casey.adams.md@gmail.com','Human-Centred Computing',2,'AM020','IM016'),('S069','George Mendez','george.mendez@gmail.com','Research Methods in Computing',4,'AM010','IM015'),('S070','Robin Romero','robin.romero@gmail.com','Interactive Media Design',1,'AM002','IM017'),('S071','Daniel White','daniel.white@gmail.com','Big Data Analysis and Visualisation',3,'AM009','IM003'),('S072','Robert Castillo','robert.castillo@gmail.com','Human-Centred Computing',2,'AM020','IM019'),('S073','Catherine Johnson','catherine.johnson@gmail.com','Business Intelligence and Strategy',2,'AM001','IM015'),('S074','Kirsten Phillips','kirsten.phillips@gmail.com','Business Intelligence and Strategy',2,'AM015','IM016'),('S075','Roberta Price','roberta.price@gmail.com','Applied Data Science',3,'AM019','IM002'),('S076','James Henson','james.henson@gmail.com','Big Data Analysis and Visualisation',1,'AM012','IM002'),('S077','Marisa Gonzalez','marisa.gonzalez@gmail.com','Cybersecurity and Ethical Hacking',4,'AM003','IM011'),('S078','John Moore','john.moore@gmail.com','Interactive Media Design',3,'AM014','IM018'),('S079','Jeremy Williams','jeremy.williams@gmail.com','Business Intelligence and Strategy',4,'AM014','IM015'),('S080','Stephanie Black','stephanie.black@gmail.com','Interactive Media Design',1,'AM002','IM018'),('S081','Virginia Robinson','virginia.robinson@gmail.com','Software Engineering Principles',1,'AM002','IM017'),('S082','Timothy Marshall','timothy.marshall@gmail.com','Information Systems Management',1,'AM012','IM017'),('S083','Laura Shaw','laura.shaw@gmail.com','Business Intelligence and Strategy',4,'AM007','IM013'),('S084','Katrina Ewing','katrina.ewing@gmail.com','Professional Project Management',3,'AM014','IM012'),('S085','Monica Porter','monica.porter@gmail.com','Professional Project Management',2,'AM002','IM004'),('S086','Terri Crawford','terri.crawford@gmail.com','Cybersecurity and Ethical Hacking',1,'AM012','IM017'),('S087','Brittany Castro','brittany.castro@gmail.com','Interactive Media Design',4,'AM007','IM009'),('S088','Raymond Valentine','raymond.valentine@gmail.com','Computational Modelling and Programming',3,'AM015','IM005'),('S089','Alicia Rosales','alicia.rosales@gmail.com','Business Intelligence and Strategy',2,'AM009','IM012'),('S090','Christian Hernandez','christian.hernandez@gmail.com','Interactive Media Design',2,'AM013','IM010'),('S091','Teresa Clark','teresa.clark@gmail.com','Interactive Media Design',1,'AM004','IM006'),('S092','Tammy Ponce','tammy.ponce@gmail.com','Cybersecurity and Ethical Hacking',3,'AM016','IM008'),('S093','Brandon Wilson','brandon.wilson@gmail.com','Artificial Intelligence and Machine Learning',3,'AM006','IM020'),('S094','Jennifer Lee','jennifer.lee@gmail.com','Cybersecurity and Ethical Hacking',4,'AM017','IM013'),('S095','Tammy Mitchell','tammy.mitchell@gmail.com','Computational Modelling and Programming',4,'AM012','IM012'),('S096','Lindsey Wong','lindsey.wong@gmail.com','Computational Modelling and Programming',4,'AM003','IM002'),('S097','Claire Mendez','claire.mendez@gmail.com','Software Engineering Principles',1,'AM018','IM019'),('S098','Diane Mendez MD','diane.mendez.md@gmail.com','Human-Centred Computing',4,'AM006','IM006'),('S099','Kathryn Powers','kathryn.powers@gmail.com','Cybersecurity and Ethical Hacking',4,'AM004','IM014'),('S100','Frank Holmes','frank.holmes@gmail.com','Business Intelligence and Strategy',1,'AM020','IM010');
/*!40000 ALTER TABLE `students` ENABLE KEYS */;
UNLOCK TABLES;
/*!40103 SET TIME_ZONE=@OLD_TIME_ZONE */;

/*!40101 SET SQL_MODE=@OLD_SQL_MODE */;
/*!40014 SET FOREIGN_KEY_CHECKS=@OLD_FOREIGN_KEY_CHECKS */;
/*!40014 SET UNIQUE_CHECKS=@OLD_UNIQUE_CHECKS */;
/*!40101 SET CHARACTER_SET_CLIENT=@OLD_CHARACTER_SET_CLIENT */;
/*!40101 SET CHARACTER_SET_RESULTS=@OLD_CHARACTER_SET_RESULTS */;
/*!40101 SET COLLATION_CONNECTION=@OLD_COLLATION_CONNECTION */;
/*!40111 SET SQL_NOTES=@OLD_SQL_NOTES */;

-- Dump completed on 2025-08-04 11:13:56
